id,request_id,msisdn,sim_change_score,sim_change_detected,sim_change_date,sim_change_confidence,device_change_score,device_change_detected,device_change_date,previous_device_id,current_device_id,network_operator,network_type,roaming_status,location_country_code,velocity_score,fraud_indicators,response_timestamp,api_response_time_ms,api_status_code,raw_response
2829d57b-eb96-436b-9a3a-2489131fb664,REQ-9def1f6f,27104332181,75,True,2025-04-29 21:05:26.843786,81,64,True,2025-03-14 21:16:53.843921,838637940265423,511615594078161,Vodacom,5G,False,ZAR,73,"[""recent_sim_swap"", ""device_change""]",2025-08-13 20:34:45.843942,546,200,"{""provider"": ""transunion"", ""msisdn"": ""27104332181"", ""sim_change"": {""score"": 75, ""detected"": true, ""date"": ""2025-04-29T21:05:26.843786"", ""confidence"": 81}, ""device_change"": {""score"": 64, ""detected"": true, ""date"": ""2025-03-14T21:16:53.843921"", ""previous_device_id"": ""838637940265423"", ""current_device_id"": ""511615594078161""}, ""network"": {""operator"": ""Vodacom"", ""type"": ""5G"", ""roaming"": false, ""country"": ""ZAR""}, ""metrics"": {""velocity_score"": 73, ""api_response_time_ms"": 546, ""api_status_code"": 200}, ""fraud_indicators"": [""recent_sim_swap"", ""device_change""], ""response_timestamp"": ""2025-08-13T20:34:45.843942"", ""request_id"": ""REQ-9def1f6f""}"
8bd27ed8-3c58-4e4e-9f43-e3c026928d93,REQ-4dc256e0,27131647525,45,False,,46,34,False,,,192832764835030,Cell C,4G,True,ZAR,72,[],2025-08-05 14:30:22.843993,1102,200,"{""provider"": ""transunion"", ""msisdn"": ""27131647525"", ""sim_change"": {""score"": 45, ""detected"": false, ""date"": null, ""confidence"": 46}, ""device_change"": {""score"": 34, ""detected"": false, ""date"": null, ""previous_device_id"": null, ""current_device_id"": ""192832764835030""}, ""network"": {""operator"": ""Cell C"", ""type"": ""4G"", ""roaming"": true, ""country"": ""ZAR""}, ""metrics"": {""velocity_score"": 72, ""api_response_time_ms"": 1102, ""api_status_code"": 200}, ""fraud_indicators"": [], ""response_timestamp"": ""2025-08-05T14:30:22.843993"", ""request_id"": ""REQ-4dc256e0""}"
79055137-9e94-4a01-9d28-70eba9fc9e87,REQ-80803e4c,27724238849,54,False,,48,17,False,,,101226916697848,Telkom,3G,False,ZAR,68,[],2025-07-21 22:54:39.844023,776,200,"{""provider"": ""transunion"", ""msisdn"": ""27724238849"", ""sim_change"": {""score"": 54, ""detected"": false, ""date"": null, ""confidence"": 48}, ""device_change"": {""score"": 17, ""detected"": false, ""date"": null, ""previous_device_id"": null, ""current_device_id"": ""101226916697848""}, ""network"": {""operator"": ""Telkom"", ""type"": ""3G"", ""roaming"": false, ""country"": ""ZAR""}, ""metrics"": {""velocity_score"": 68, ""api_response_time_ms"": 776, ""api_status_code"": 200}, ""fraud_indicators"": [], ""response_timestamp"": ""2025-07-21T22:54:39.844023"", ""request_id"": ""REQ-80803e4c""}"
0251aace-d969-4eae-b9c7-db13fe78221a,REQ-2cd5c8ab,27627048281,80,True,2025-05-30 22:59:03.844040,84,64,True,2025-03-13 15:00:20.844042,252880957015430,391171822782489,Vodacom,4G,False,ZAR,25,"[""recent_sim_swap"", ""device_change""]",2025-08-02 22:35:11.844052,844,200,"{""provider"": ""transunion"", ""msisdn"": ""27627048281"", ""sim_change"": {""score"": 80, ""detected"": true, ""date"": ""2025-05-30T22:59:03.844040"", ""confidence"": 84}, ""device_change"": {""score"": 64, ""detected"": true, ""date"": ""2025-03-13T15:00:20.844042"", ""previous_device_id"": ""252880957015430"", ""current_device_id"": ""391171822782489""}, ""network"": {""operator"": ""Vodacom"", ""type"": ""4G"", ""roaming"": false, ""country"": ""ZAR""}, ""metrics"": {""velocity_score"": 25, ""api_response_time_ms"": 844, ""api_status_code"": 200}, ""fraud_indicators"": [""recent_sim_swap"", ""device_change""], ""response_timestamp"": ""2025-08-02T22:35:11.844052"", ""request_id"": ""REQ-2cd5c8ab""}"
c92bd4ee-9efd-464d-bc5d-7c1392daf1b3,REQ-e16e9795,27871331509,70,True,2025-06-18 00:49:23.844071,70,80,True,2025-07-31 13:54:44.844073,105183473829973,763116566701065,Cell C,3G,False,ZAR,17,"[""recent_sim_swap"", ""device_change""]",2025-08-07 05:24:14.844083,591,200,"{""provider"": ""transunion"", ""msisdn"": ""27871331509"", ""sim_change"": {""score"": 70, ""detected"": true, ""date"": ""2025-06-18T00:49:23.844071"", ""confidence"": 70}, ""device_change"": {""score"": 80, ""detected"": true, ""date"": ""2025-07-31T13:54:44.844073"", ""previous_device_id"": ""105183473829973"", ""current_device_id"": ""763116566701065""}, ""network"": {""operator"": ""Cell C"", ""type"": ""3G"", ""roaming"": false, ""country"": ""ZAR""}, ""metrics"": {""velocity_score"": 17, ""api_response_time_ms"": 591, ""api_status_code"": 200}, ""fraud_indicators"": [""recent_sim_swap"", ""device_change""], ""response_timestamp"": ""2025-08-07T05:24:14.844083"", ""request_id"": ""REQ-e16e9795""}"
e3740842-5b14-4060-98ff-52e4ae056983,REQ-0f568ce2,27178108013,21,False,,24,61,True,2025-06-22 07:38:46.844099,026064746872343,098050097882081,Telkom,3G,True,ZAR,51,"[""device_change"", ""roaming_high_risk""]",2025-08-08 01:10:11.844111,161,200,"{""provider"": ""transunion"", ""msisdn"": ""27178108013"", ""sim_change"": {""score"": 21, ""detected"": false, ""date"": null, ""confidence"": 24}, ""device_change"": {""score"": 61, ""detected"": true, ""date"": ""2025-06-22T07:38:46.844099"", ""previous_device_id"": ""026064746872343"", ""current_device_id"": ""098050097882081""}, ""network"": {""operator"": ""Telkom"", ""type"": ""3G"", ""roaming"": true, ""country"": ""ZAR""}, ""metrics"": {""velocity_score"": 51, ""api_response_time_ms"": 161, ""api_status_code"": 200}, ""fraud_indicators"": [""device_change"", ""roaming_high_risk""], ""response_timestamp"": ""2025-08-08T01:10:11.844111"", ""request_id"": ""REQ-0f568ce2""}"
66330bec-94ac-4c72-8943-6d241b9103f1,REQ-e718b0ac,27699854353,33,False,,29,40,False,,,107991183842513,Vodacom,4G,False,ZAR,78,[],2025-07-20 22:26:14.844132,1163,200,"{""provider"": ""transunion"", ""msisdn"": ""27699854353"", ""sim_change"": {""score"": 33, ""detected"": false, ""date"": null, ""confidence"": 29}, ""device_change"": {""score"": 40, ""detected"": false, ""date"": null, ""previous_device_id"": null, ""current_device_id"": ""107991183842513""}, ""network"": {""operator"": ""Vodacom"", ""type"": ""4G"", ""roaming"": false, ""country"": ""ZAR""}, ""metrics"": {""velocity_score"": 78, ""api_response_time_ms"": 1163, ""api_status_code"": 200}, ""fraud_indicators"": [], ""response_timestamp"": ""2025-07-20T22:26:14.844132"", ""request_id"": ""REQ-e718b0ac""}"
fc5c209d-e450-4828-b72c-e3c542e8463a,REQ-dbd7af31,27841241182,34,False,,26,26,False,,,348740164005242,Cell C,4G,False,ZAR,9,[],2025-07-24 16:49:15.844151,1197,200,"{""provider"": ""transunion"", ""msisdn"": ""27841241182"", ""sim_change"": {""score"": 34, ""detected"": false, ""date"": null, ""confidence"": 26}, ""device_change"": {""score"": 26, ""detected"": false, ""date"": null, ""previous_device_id"": null, ""current_device_id"": ""348740164005242""}, ""network"": {""operator"": ""Cell C"", ""type"": ""4G"", ""roaming"": false, ""country"": ""ZAR""}, ""metrics"": {""velocity_score"": 9, ""api_response_time_ms"": 1197, ""api_status_code"": 200}, ""fraud_indicators"": [], ""response_timestamp"": ""2025-07-24T16:49:15.844151"", ""request_id"": ""REQ-dbd7af31""}"
32d213ed-c5fa-4259-8ff5-37c532066b14,REQ-628d4ed4,27598262045,5,False,,6,13,False,,,869232260256342,Cell C,3G,False,ZAR,28,[],2025-07-17 05:29:19.844170,796,200,"{""provider"": ""transunion"", ""msisdn"": ""27598262045"", ""sim_change"": {""score"": 5, ""detected"": false, ""date"": null, ""confidence"": 6}, ""device_change"": {""score"": 13, ""detected"": false, ""date"": null, ""previous_device_id"": null, ""current_device_id"": ""869232260256342""}, ""network"": {""operator"": ""Cell C"", ""type"": ""3G"", ""roaming"": false, ""country"": ""ZAR""}, ""metrics"": {""velocity_score"": 28, ""api_response_time_ms"": 796, ""api_status_code"": 200}, ""fraud_indicators"": [], ""response_timestamp"": ""2025-07-17T05:29:19.844170"", ""request_id"": ""REQ-628d4ed4""}"
69485e51-d256-4751-8709-270063caf34a,REQ-3fd0c542,27330365414,44,False,,51,51,False,,,850142940196556,Vodacom,4G,False,ZAR,32,"[""vpn_detected""]",2025-08-15 03:19:05.844188,1182,200,"{""provider"": ""transunion"", ""msisdn"": ""27330365414"", ""sim_change"": {""score"": 44, ""detected"": false, ""date"": null, ""confidence"": 51}, ""device_change"": {""score"": 51, ""detected"": false, ""date"": null, ""previous_device_id"": null, ""current_device_id"": ""850142940196556""}, ""network"": {""operator"": ""Vodacom"", ""type"": ""4G"", ""roaming"": false, ""country"": ""ZAR""}, ""metrics"": {""velocity_score"": 32, ""api_response_time_ms"": 1182, ""api_status_code"": 200}, ""fraud_indicators"": [""vpn_detected""], ""response_timestamp"": ""2025-08-15T03:19:05.844188"", ""request_id"": ""REQ-3fd0c542""}"
22fa697f-b346-431e-bb12-7b62a2a659f6,REQ-622b4ccc,27356159514,64,True,2025-05-28 07:22:43.844202,56,70,True,2025-07-14 15:15:47.844203,662994680443699,577738721489513,Vodacom,4G,False,ZAR,31,"[""recent_sim_swap"", ""device_change""]",2025-07-27 19:35:46.844213,1012,200,"{""provider"": ""transunion"", ""msisdn"": ""27356159514"", ""sim_change"": {""score"": 64, ""detected"": true, ""date"": ""2025-05-28T07:22:43.844202"", ""confidence"": 56}, ""device_change"": {""score"": 70, ""detected"": true, ""date"": ""2025-07-14T15:15:47.844203"", ""previous_device_id"": ""662994680443699"", ""current_device_id"": ""577738721489513""}, ""network"": {""operator"": ""Vodacom"", ""type"": ""4G"", ""roaming"": false, ""country"": ""ZAR""}, ""metrics"": {""velocity_score"": 31, ""api_response_time_ms"": 1012, ""api_status_code"": 200}, ""fraud_indicators"": [""recent_sim_swap"", ""device_change""], ""response_timestamp"": ""2025-07-27T19:35:46.844213"", ""request_id"": ""REQ-622b4ccc""}"
5c95ef6e-15cf-4cc3-97da-49368f5c294c,REQ-9ea235aa,27936763201,99,True,2025-04-29 14:16:48.844227,100,22,False,,,870831727889579,Cell C,5G,False,ZAR,57,"[""recent_sim_swap""]",2025-07-23 04:57:55.844233,1001,200,"{""provider"": ""transunion"", ""msisdn"": ""27936763201"", ""sim_change"": {""score"": 99, ""detected"": true, ""date"": ""2025-04-29T14:16:48.844227"", ""confidence"": 100}, ""device_change"": {""score"": 22, ""detected"": false, ""date"": null, ""previous_device_id"": null, ""current_device_id"": ""870831727889579""}, ""network"": {""operator"": ""Cell C"", ""type"": ""5G"", ""roaming"": false, ""country"": ""ZAR""}, ""metrics"": {""velocity_score"": 57, ""api_response_time_ms"": 1001, ""api_status_code"": 200}, ""fraud_indicators"": [""recent_sim_swap""], ""response_timestamp"": ""2025-07-23T04:57:55.844233"", ""request_id"": ""REQ-9ea235aa""}"
4c2922b7-cbac-4dfa-be70-db8aba10bad4,REQ-e3ee7b54,27348734714,30,False,,24,17,False,,,623166587603669,Telkom,3G,False,ZAR,61,"[""ip_geovelocity""]",2025-08-06 08:02:55.844253,938,200,"{""provider"": ""transunion"", ""msisdn"": ""27348734714"", ""sim_change"": {""score"": 30, ""detected"": false, ""date"": null, ""confidence"": 24}, ""device_change"": {""score"": 17, ""detected"": false, ""date"": null, ""previous_device_id"": null, ""current_device_id"": ""623166587603669""}, ""network"": {""operator"": ""Telkom"", ""type"": ""3G"", ""roaming"": false, ""country"": ""ZAR""}, ""metrics"": {""velocity_score"": 61, ""api_response_time_ms"": 938, ""api_status_code"": 200}, ""fraud_indicators"": [""ip_geovelocity""], ""response_timestamp"": ""2025-08-06T08:02:55.844253"", ""request_id"": ""REQ-e3ee7b54""}"
c85d30aa-bf13-4505-90f1-d0f696943a8e,REQ-07eb8f8c,27893734670,49,False,,60,86,True,2025-05-04 16:14:19.844266,729806990162720,465375564641708,MTN,5G,False,ZAR,83,"[""device_change"", ""multiple_failed_otps"", ""recent_sim_swap""]",2025-07-16 13:14:40.844278,488,200,"{""provider"": ""transunion"", ""msisdn"": ""27893734670"", ""sim_change"": {""score"": 49, ""detected"": false, ""date"": null, ""confidence"": 60}, ""device_change"": {""score"": 86, ""detected"": true, ""date"": ""2025-05-04T16:14:19.844266"", ""previous_device_id"": ""729806990162720"", ""current_device_id"": ""465375564641708""}, ""network"": {""operator"": ""MTN"", ""type"": ""5G"", ""roaming"": false, ""country"": ""ZAR""}, ""metrics"": {""velocity_score"": 83, ""api_response_time_ms"": 488, ""api_status_code"": 200}, ""fraud_indicators"": [""device_change"", ""multiple_failed_otps"", ""recent_sim_swap""], ""response_timestamp"": ""2025-07-16T13:14:40.844278"", ""request_id"": ""REQ-07eb8f8c""}"
d7ffaf8a-12fa-4534-a1fc-445742c59a34,REQ-ba6b2c72,27923271937,89,True,2025-06-11 08:49:00.844291,95,95,True,2025-07-17 16:17:06.844293,419049663193149,190586518506716,Telkom,4G,False,ZAR,55,"[""recent_sim_swap"", ""device_change""]",2025-07-29 22:33:55.844301,633,200,"{""provider"": ""transunion"", ""msisdn"": ""27923271937"", ""sim_change"": {""score"": 89, ""detected"": true, ""date"": ""2025-06-11T08:49:00.844291"", ""confidence"": 95}, ""device_change"": {""score"": 95, ""detected"": true, ""date"": ""2025-07-17T16:17:06.844293"", ""previous_device_id"": ""419049663193149"", ""current_device_id"": ""190586518506716""}, ""network"": {""operator"": ""Telkom"", ""type"": ""4G"", ""roaming"": false, ""country"": ""ZAR""}, ""metrics"": {""velocity_score"": 55, ""api_response_time_ms"": 633, ""api_status_code"": 200}, ""fraud_indicators"": [""recent_sim_swap"", ""device_change""], ""response_timestamp"": ""2025-07-29T22:33:55.844301"", ""request_id"": ""REQ-ba6b2c72""}"
a25812b2-2de3-4d7c-9fce-4acddc6772cd,REQ-82843702,27877694531,35,False,,46,31,False,,,996507527354549,Cell C,4G,True,ZAR,10,[],2025-08-02 04:27:33.844320,572,200,"{""provider"": ""transunion"", ""msisdn"": ""27877694531"", ""sim_change"": {""score"": 35, ""detected"": false, ""date"": null, ""confidence"": 46}, ""device_change"": {""score"": 31, ""detected"": false, ""date"": null, ""previous_device_id"": null, ""current_device_id"": ""996507527354549""}, ""network"": {""operator"": ""Cell C"", ""type"": ""4G"", ""roaming"": true, ""country"": ""ZAR""}, ""metrics"": {""velocity_score"": 10, ""api_response_time_ms"": 572, ""api_status_code"": 200}, ""fraud_indicators"": [], ""response_timestamp"": ""2025-08-02T04:27:33.844320"", ""request_id"": ""REQ-82843702""}"
ab6f342b-7c87-432f-8b80-9b3aa4396590,REQ-98bc33c9,27770143634,84,True,2025-03-20 08:48:43.844330,71,54,False,,,855744431351823,MTN,4G,False,ZAR,67,"[""recent_sim_swap""]",2025-08-12 15:10:48.844336,686,200,"{""provider"": ""transunion"", ""msisdn"": ""27770143634"", ""sim_change"": {""score"": 84, ""detected"": true, ""date"": ""2025-03-20T08:48:43.844330"", ""confidence"": 71}, ""device_change"": {""score"": 54, ""detected"": false, ""date"": null, ""previous_device_id"": null, ""current_device_id"": ""855744431351823""}, ""network"": {""operator"": ""MTN"", ""type"": ""4G"", ""roaming"": false, ""country"": ""ZAR""}, ""metrics"": {""velocity_score"": 67, ""api_response_time_ms"": 686, ""api_status_code"": 200}, ""fraud_indicators"": [""recent_sim_swap""], ""response_timestamp"": ""2025-08-12T15:10:48.844336"", ""request_id"": ""REQ-98bc33c9""}"
1e86ddbb-96ef-4a34-a62e-fc411f6147da,REQ-e838d031,27240824008,37,False,,39,16,False,,,710947775204711,Vodacom,3G,False,ZAR,19,[],2025-07-16 11:11:07.844352,254,500,"{""provider"": ""transunion"", ""msisdn"": ""27240824008"", ""sim_change"": {""score"": 37, ""detected"": false, ""date"": null, ""confidence"": 39}, ""device_change"": {""score"": 16, ""detected"": false, ""date"": null, ""previous_device_id"": null, ""current_device_id"": ""710947775204711""}, ""network"": {""operator"": ""Vodacom"", ""type"": ""3G"", ""roaming"": false, ""country"": ""ZAR""}, ""metrics"": {""velocity_score"": 19, ""api_response_time_ms"": 254, ""api_status_code"": 500}, ""fraud_indicators"": [], ""response_timestamp"": ""2025-07-16T11:11:07.844352"", ""request_id"": ""REQ-e838d031""}"
ba05c36c-4ccb-44ae-b7c6-5dc07d6178ee,REQ-12aeb13c,27186999386,57,False,,53,54,False,,,909133412328120,Vodacom,4G,False,ZAR,36,[],2025-07-24 05:43:01.844368,225,200,"{""provider"": ""transunion"", ""msisdn"": ""27186999386"", ""sim_change"": {""score"": 57, ""detected"": false, ""date"": null, ""confidence"": 53}, ""device_change"": {""score"": 54, ""detected"": false, ""date"": null, ""previous_device_id"": null, ""current_device_id"": ""909133412328120""}, ""network"": {""operator"": ""Vodacom"", ""type"": ""4G"", ""roaming"": false, ""country"": ""ZAR""}, ""metrics"": {""velocity_score"": 36, ""api_response_time_ms"": 225, ""api_status_code"": 200}, ""fraud_indicators"": [], ""response_timestamp"": ""2025-07-24T05:43:01.844368"", ""request_id"": ""REQ-12aeb13c""}"
33c00371-9baa-4e3d-933e-751392f1f37a,REQ-97457317,27493618324,18,True,2025-07-04 11:02:52.844379,30,76,True,2025-03-23 11:44:23.844381,717464887719065,940139904902787,Telkom,4G,False,ZAR,62,"[""recent_sim_swap"", ""device_change""]",2025-07-31 09:34:44.844389,916,200,"{""provider"": ""transunion"", ""msisdn"": ""27493618324"", ""sim_change"": {""score"": 18, ""detected"": true, ""date"": ""2025-07-04T11:02:52.844379"", ""confidence"": 30}, ""device_change"": {""score"": 76, ""detected"": true, ""date"": ""2025-03-23T11:44:23.844381"", ""previous_device_id"": ""717464887719065"", ""current_device_id"": ""940139904902787""}, ""network"": {""operator"": ""Telkom"", ""type"": ""4G"", ""roaming"": false, ""country"": ""ZAR""}, ""metrics"": {""velocity_score"": 62, ""api_response_time_ms"": 916, ""api_status_code"": 200}, ""fraud_indicators"": [""recent_sim_swap"", ""device_change""], ""response_timestamp"": ""2025-07-31T09:34:44.844389"", ""request_id"": ""REQ-97457317""}"
c29ceed3-3e92-45b3-80c9-1d9b817a54c4,REQ-cd72227f,27125674680,58,True,2025-06-12 10:28:39.844401,70,65,True,2025-08-14 22:18:11.844403,876038597703482,477109324808613,Telkom,5G,False,ZAR,19,"[""recent_sim_swap"", ""device_change""]",2025-07-24 11:37:17.844411,1122,200,"{""provider"": ""transunion"", ""msisdn"": ""27125674680"", ""sim_change"": {""score"": 58, ""detected"": true, ""date"": ""2025-06-12T10:28:39.844401"", ""confidence"": 70}, ""device_change"": {""score"": 65, ""detected"": true, ""date"": ""2025-08-14T22:18:11.844403"", ""previous_device_id"": ""876038597703482"", ""current_device_id"": ""477109324808613""}, ""network"": {""operator"": ""Telkom"", ""type"": ""5G"", ""roaming"": false, ""country"": ""ZAR""}, ""metrics"": {""velocity_score"": 19, ""api_response_time_ms"": 1122, ""api_status_code"": 200}, ""fraud_indicators"": [""recent_sim_swap"", ""device_change""], ""response_timestamp"": ""2025-07-24T11:37:17.844411"", ""request_id"": ""REQ-cd72227f""}"
80ec28b0-c1be-4070-a234-94497db908db,REQ-94931b13,27677378263,76,True,2025-04-07 17:16:39.844422,87,8,False,,,658404499727875,MTN,5G,False,ZAR,24,"[""recent_sim_swap""]",2025-08-08 01:25:45.844428,864,200,"{""provider"": ""transunion"", ""msisdn"": ""27677378263"", ""sim_change"": {""score"": 76, ""detected"": true, ""date"": ""2025-04-07T17:16:39.844422"", ""confidence"": 87}, ""device_change"": {""score"": 8, ""detected"": false, ""date"": null, ""previous_device_id"": null, ""current_device_id"": ""658404499727875""}, ""network"": {""operator"": ""MTN"", ""type"": ""5G"", ""roaming"": false, ""country"": ""ZAR""}, ""metrics"": {""velocity_score"": 24, ""api_response_time_ms"": 864, ""api_status_code"": 200}, ""fraud_indicators"": [""recent_sim_swap""], ""response_timestamp"": ""2025-08-08T01:25:45.844428"", ""request_id"": ""REQ-94931b13""}"
51580901-5d52-4236-9056-67f6f8ce07aa,REQ-47cd3ac1,27605766270,16,False,,0,56,True,2025-07-21 03:05:54.844441,702621745961586,578091343161172,Vodacom,5G,True,ZAR,37,"[""device_change""]",2025-08-02 16:56:51.844451,580,200,"{""provider"": ""transunion"", ""msisdn"": ""27605766270"", ""sim_change"": {""score"": 16, ""detected"": false, ""date"": null, ""confidence"": 0}, ""device_change"": {""score"": 56, ""detected"": true, ""date"": ""2025-07-21T03:05:54.844441"", ""previous_device_id"": ""702621745961586"", ""current_device_id"": ""578091343161172""}, ""network"": {""operator"": ""Vodacom"", ""type"": ""5G"", ""roaming"": true, ""country"": ""ZAR""}, ""metrics"": {""velocity_score"": 37, ""api_response_time_ms"": 580, ""api_status_code"": 200}, ""fraud_indicators"": [""device_change""], ""response_timestamp"": ""2025-08-02T16:56:51.844451"", ""request_id"": ""REQ-47cd3ac1""}"
074cf7bf-0edb-4411-8fec-95689c976ecb,REQ-e078a7cb,27922219693,63,True,2025-03-19 17:02:13.844463,52,29,False,,,474074821759464,Vodacom,4G,False,ZAR,13,"[""recent_sim_swap""]",2025-07-28 09:10:42.844468,685,500,"{""provider"": ""transunion"", ""msisdn"": ""27922219693"", ""sim_change"": {""score"": 63, ""detected"": true, ""date"": ""2025-03-19T17:02:13.844463"", ""confidence"": 52}, ""device_change"": {""score"": 29, ""detected"": false, ""date"": null, ""previous_device_id"": null, ""current_device_id"": ""474074821759464""}, ""network"": {""operator"": ""Vodacom"", ""type"": ""4G"", ""roaming"": false, ""country"": ""ZAR""}, ""metrics"": {""velocity_score"": 13, ""api_response_time_ms"": 685, ""api_status_code"": 500}, ""fraud_indicators"": [""recent_sim_swap""], ""response_timestamp"": ""2025-07-28T09:10:42.844468"", ""request_id"": ""REQ-e078a7cb""}"
e937c164-32c1-4ed4-b4cd-59057e6f35cf,REQ-6fefee76,27406409097,36,False,,38,28,False,,,942104709521456,MTN,3G,False,ZAR,67,[],2025-08-07 16:15:24.844492,606,200,"{""provider"": ""transunion"", ""msisdn"": ""27406409097"", ""sim_change"": {""score"": 36, ""detected"": false, ""date"": null, ""confidence"": 38}, ""device_change"": {""score"": 28, ""detected"": false, ""date"": null, ""previous_device_id"": null, ""current_device_id"": ""942104709521456""}, ""network"": {""operator"": ""MTN"", ""type"": ""3G"", ""roaming"": false, ""country"": ""ZAR""}, ""metrics"": {""velocity_score"": 67, ""api_response_time_ms"": 606, ""api_status_code"": 200}, ""fraud_indicators"": [], ""response_timestamp"": ""2025-08-07T16:15:24.844492"", ""request_id"": ""REQ-6fefee76""}"
f5ce764c-ae59-47c3-905c-5d0f7620ac1f,REQ-0e531ee4,27745171236,71,True,2025-05-14 18:57:35.844507,88,50,True,2025-03-31 17:44:52.844509,754965137098593,174612004711382,Vodacom,4G,False,ZAR,69,"[""recent_sim_swap"", ""device_change""]",2025-07-23 16:37:18.844518,929,200,"{""provider"": ""transunion"", ""msisdn"": ""27745171236"", ""sim_change"": {""score"": 71, ""detected"": true, ""date"": ""2025-05-14T18:57:35.844507"", ""confidence"": 88}, ""device_change"": {""score"": 50, ""detected"": true, ""date"": ""2025-03-31T17:44:52.844509"", ""previous_device_id"": ""754965137098593"", ""current_device_id"": ""174612004711382""}, ""network"": {""operator"": ""Vodacom"", ""type"": ""4G"", ""roaming"": false, ""country"": ""ZAR""}, ""metrics"": {""velocity_score"": 69, ""api_response_time_ms"": 929, ""api_status_code"": 200}, ""fraud_indicators"": [""recent_sim_swap"", ""device_change""], ""response_timestamp"": ""2025-07-23T16:37:18.844518"", ""request_id"": ""REQ-0e531ee4""}"
76954965-5f14-435d-9ab3-1210acf70d3d,REQ-dfcb3f88,27796405377,30,False,,42,69,True,2025-03-03 09:11:19.844534,064317139005329,318393352904228,MTN,4G,False,ZAR,1,"[""device_change""]",2025-07-21 13:35:05.844544,743,200,"{""provider"": ""transunion"", ""msisdn"": ""27796405377"", ""sim_change"": {""score"": 30, ""detected"": false, ""date"": null, ""confidence"": 42}, ""device_change"": {""score"": 69, ""detected"": true, ""date"": ""2025-03-03T09:11:19.844534"", ""previous_device_id"": ""064317139005329"", ""current_device_id"": ""318393352904228""}, ""network"": {""operator"": ""MTN"", ""type"": ""4G"", ""roaming"": false, ""country"": ""ZAR""}, ""metrics"": {""velocity_score"": 1, ""api_response_time_ms"": 743, ""api_status_code"": 200}, ""fraud_indicators"": [""device_change""], ""response_timestamp"": ""2025-07-21T13:35:05.844544"", ""request_id"": ""REQ-dfcb3f88""}"
ac5673cb-4af8-4a8f-ac3c-c9a0fa9ab4e0,REQ-e30d1ceb,27402681177,99,True,2025-05-15 03:33:40.844557,100,75,True,2025-07-19 05:47:26.844558,839084700766177,115921249985698,MTN,4G,False,ZAR,14,"[""recent_sim_swap"", ""device_change""]",2025-07-26 02:10:27.844567,520,200,"{""provider"": ""transunion"", ""msisdn"": ""27402681177"", ""sim_change"": {""score"": 99, ""detected"": true, ""date"": ""2025-05-15T03:33:40.844557"", ""confidence"": 100}, ""device_change"": {""score"": 75, ""detected"": true, ""date"": ""2025-07-19T05:47:26.844558"", ""previous_device_id"": ""839084700766177"", ""current_device_id"": ""115921249985698""}, ""network"": {""operator"": ""MTN"", ""type"": ""4G"", ""roaming"": false, ""country"": ""ZAR""}, ""metrics"": {""velocity_score"": 14, ""api_response_time_ms"": 520, ""api_status_code"": 200}, ""fraud_indicators"": [""recent_sim_swap"", ""device_change""], ""response_timestamp"": ""2025-07-26T02:10:27.844567"", ""request_id"": ""REQ-e30d1ceb""}"
2c4240c0-9f62-4e12-a8e3-f509e676e03b,REQ-32590473,27365766156,40,False,,35,60,True,2025-07-29 18:55:34.844582,116152809885165,604945198327315,Cell C,4G,False,ZAR,54,"[""device_change""]",2025-07-21 23:36:41.844591,133,200,"{""provider"": ""transunion"", ""msisdn"": ""27365766156"", ""sim_change"": {""score"": 40, ""detected"": false, ""date"": null, ""confidence"": 35}, ""device_change"": {""score"": 60, ""detected"": true, ""date"": ""2025-07-29T18:55:34.844582"", ""previous_device_id"": ""116152809885165"", ""current_device_id"": ""604945198327315""}, ""network"": {""operator"": ""Cell C"", ""type"": ""4G"", ""roaming"": false, ""country"": ""ZAR""}, ""metrics"": {""velocity_score"": 54, ""api_response_time_ms"": 133, ""api_status_code"": 200}, ""fraud_indicators"": [""device_change""], ""response_timestamp"": ""2025-07-21T23:36:41.844591"", ""request_id"": ""REQ-32590473""}"
46ab056f-64c5-4992-8874-413ca3e1ae5e,REQ-880617f6,27402445502,18,False,,22,51,True,2025-03-06 21:07:53.844604,183667525459910,229014767976438,MTN,4G,False,ZAR,62,"[""device_change""]",2025-08-06 20:35:39.844612,531,200,"{""provider"": ""transunion"", ""msisdn"": ""27402445502"", ""sim_change"": {""score"": 18, ""detected"": false, ""date"": null, ""confidence"": 22}, ""device_change"": {""score"": 51, ""detected"": true, ""date"": ""2025-03-06T21:07:53.844604"", ""previous_device_id"": ""183667525459910"", ""current_device_id"": ""229014767976438""}, ""network"": {""operator"": ""MTN"", ""type"": ""4G"", ""roaming"": false, ""country"": ""ZAR""}, ""metrics"": {""velocity_score"": 62, ""api_response_time_ms"": 531, ""api_status_code"": 200}, ""fraud_indicators"": [""device_change""], ""response_timestamp"": ""2025-08-06T20:35:39.844612"", ""request_id"": ""REQ-880617f6""}"
17c2cafe-f178-4a9c-983d-83a9307fe877,REQ-0ce9ac3d,27900343244,41,False,,30,16,False,,,388516060715969,Vodacom,4G,False,ZAR,41,[],2025-07-15 23:44:33.844628,1022,200,"{""provider"": ""transunion"", ""msisdn"": ""27900343244"", ""sim_change"": {""score"": 41, ""detected"": false, ""date"": null, ""confidence"": 30}, ""device_change"": {""score"": 16, ""detected"": false, ""date"": null, ""previous_device_id"": null, ""current_device_id"": ""388516060715969""}, ""network"": {""operator"": ""Vodacom"", ""type"": ""4G"", ""roaming"": false, ""country"": ""ZAR""}, ""metrics"": {""velocity_score"": 41, ""api_response_time_ms"": 1022, ""api_status_code"": 200}, ""fraud_indicators"": [], ""response_timestamp"": ""2025-07-15T23:44:33.844628"", ""request_id"": ""REQ-0ce9ac3d""}"
535b680a-953a-4cdd-8404-29ed03fded96,REQ-bd119f18,27516136968,10,False,,10,39,False,,,352181883552312,MTN,4G,False,ZAR,9,[],2025-07-21 23:23:05.844644,1091,200,"{""provider"": ""transunion"", ""msisdn"": ""27516136968"", ""sim_change"": {""score"": 10, ""detected"": false, ""date"": null, ""confidence"": 10}, ""device_change"": {""score"": 39, ""detected"": false, ""date"": null, ""previous_device_id"": null, ""current_device_id"": ""352181883552312""}, ""network"": {""operator"": ""MTN"", ""type"": ""4G"", ""roaming"": false, ""country"": ""ZAR""}, ""metrics"": {""velocity_score"": 9, ""api_response_time_ms"": 1091, ""api_status_code"": 200}, ""fraud_indicators"": [], ""response_timestamp"": ""2025-07-21T23:23:05.844644"", ""request_id"": ""REQ-bd119f18""}"
f0123fa7-e331-4545-9c9a-0c452351dddc,REQ-aa33884c,27997995527,8,False,,0,75,True,2025-08-01 09:26:02.844656,814770054119986,798079359782071,Cell C,5G,False,ZAR,82,"[""device_change"", ""multiple_failed_otps""]",2025-08-08 06:18:34.844665,979,200,"{""provider"": ""transunion"", ""msisdn"": ""27997995527"", ""sim_change"": {""score"": 8, ""detected"": false, ""date"": null, ""confidence"": 0}, ""device_change"": {""score"": 75, ""detected"": true, ""date"": ""2025-08-01T09:26:02.844656"", ""previous_device_id"": ""814770054119986"", ""current_device_id"": ""798079359782071""}, ""network"": {""operator"": ""Cell C"", ""type"": ""5G"", ""roaming"": false, ""country"": ""ZAR""}, ""metrics"": {""velocity_score"": 82, ""api_response_time_ms"": 979, ""api_status_code"": 200}, ""fraud_indicators"": [""device_change"", ""multiple_failed_otps""], ""response_timestamp"": ""2025-08-08T06:18:34.844665"", ""request_id"": ""REQ-aa33884c""}"
2118c38c-5711-4e91-85ed-61013aa80f33,REQ-fe0fd71a,27925546659,6,False,,0,82,True,2025-05-22 19:50:52.844677,518644925192546,291486528168505,MTN,5G,False,ZAR,24,"[""device_change""]",2025-08-11 16:36:23.844686,238,200,"{""provider"": ""transunion"", ""msisdn"": ""27925546659"", ""sim_change"": {""score"": 6, ""detected"": false, ""date"": null, ""confidence"": 0}, ""device_change"": {""score"": 82, ""detected"": true, ""date"": ""2025-05-22T19:50:52.844677"", ""previous_device_id"": ""518644925192546"", ""current_device_id"": ""291486528168505""}, ""network"": {""operator"": ""MTN"", ""type"": ""5G"", ""roaming"": false, ""country"": ""ZAR""}, ""metrics"": {""velocity_score"": 24, ""api_response_time_ms"": 238, ""api_status_code"": 200}, ""fraud_indicators"": [""device_change""], ""response_timestamp"": ""2025-08-11T16:36:23.844686"", ""request_id"": ""REQ-fe0fd71a""}"
db2f4d17-869b-49e4-8704-697746ec942b,REQ-f83389d2,27188805929,48,False,,54,79,True,2025-07-04 06:18:45.844697,065379473834735,977468862392407,Telkom,4G,False,ZAR,15,"[""device_change""]",2025-07-22 16:24:39.844706,638,200,"{""provider"": ""transunion"", ""msisdn"": ""27188805929"", ""sim_change"": {""score"": 48, ""detected"": false, ""date"": null, ""confidence"": 54}, ""device_change"": {""score"": 79, ""detected"": true, ""date"": ""2025-07-04T06:18:45.844697"", ""previous_device_id"": ""065379473834735"", ""current_device_id"": ""977468862392407""}, ""network"": {""operator"": ""Telkom"", ""type"": ""4G"", ""roaming"": false, ""country"": ""ZAR""}, ""metrics"": {""velocity_score"": 15, ""api_response_time_ms"": 638, ""api_status_code"": 200}, ""fraud_indicators"": [""device_change""], ""response_timestamp"": ""2025-07-22T16:24:39.844706"", ""request_id"": ""REQ-f83389d2""}"
ce2bc971-a092-4266-bc9d-6de0b72e6ee1,REQ-e36f527d,27826137506,6,False,,19,47,False,,,153051522047277,Vodacom,5G,True,ZAR,19,[],2025-07-23 00:04:44.844722,1160,200,"{""provider"": ""transunion"", ""msisdn"": ""27826137506"", ""sim_change"": {""score"": 6, ""detected"": false, ""date"": null, ""confidence"": 19}, ""device_change"": {""score"": 47, ""detected"": false, ""date"": null, ""previous_device_id"": null, ""current_device_id"": ""153051522047277""}, ""network"": {""operator"": ""Vodacom"", ""type"": ""5G"", ""roaming"": true, ""country"": ""ZAR""}, ""metrics"": {""velocity_score"": 19, ""api_response_time_ms"": 1160, ""api_status_code"": 200}, ""fraud_indicators"": [], ""response_timestamp"": ""2025-07-23T00:04:44.844722"", ""request_id"": ""REQ-e36f527d""}"
fb428511-5aef-41ee-800c-b287e85cd5f0,REQ-0b04fbdf,27434103697,8,False,,19,2,False,,,932460953962185,MTN,4G,False,ZAR,70,"[""multiple_failed_otps""]",2025-07-31 20:39:45.844738,872,500,"{""provider"": ""transunion"", ""msisdn"": ""27434103697"", ""sim_change"": {""score"": 8, ""detected"": false, ""date"": null, ""confidence"": 19}, ""device_change"": {""score"": 2, ""detected"": false, ""date"": null, ""previous_device_id"": null, ""current_device_id"": ""932460953962185""}, ""network"": {""operator"": ""MTN"", ""type"": ""4G"", ""roaming"": false, ""country"": ""ZAR""}, ""metrics"": {""velocity_score"": 70, ""api_response_time_ms"": 872, ""api_status_code"": 500}, ""fraud_indicators"": [""multiple_failed_otps""], ""response_timestamp"": ""2025-07-31T20:39:45.844738"", ""request_id"": ""REQ-0b04fbdf""}"
d4028e43-46e0-4034-8a27-508ab39b50fd,REQ-10d3f12e,27405153195,17,True,2025-03-29 09:55:17.844752,9,82,True,2025-07-02 05:19:52.844753,722170430305486,874034505415667,Telkom,4G,False,ZAR,63,"[""recent_sim_swap"", ""device_change""]",2025-07-21 03:20:29.844762,626,200,"{""provider"": ""transunion"", ""msisdn"": ""27405153195"", ""sim_change"": {""score"": 17, ""detected"": true, ""date"": ""2025-03-29T09:55:17.844752"", ""confidence"": 9}, ""device_change"": {""score"": 82, ""detected"": true, ""date"": ""2025-07-02T05:19:52.844753"", ""previous_device_id"": ""722170430305486"", ""current_device_id"": ""874034505415667""}, ""network"": {""operator"": ""Telkom"", ""type"": ""4G"", ""roaming"": false, ""country"": ""ZAR""}, ""metrics"": {""velocity_score"": 63, ""api_response_time_ms"": 626, ""api_status_code"": 200}, ""fraud_indicators"": [""recent_sim_swap"", ""device_change""], ""response_timestamp"": ""2025-07-21T03:20:29.844762"", ""request_id"": ""REQ-10d3f12e""}"
aa7d0deb-e1ae-4f7e-abee-0daf45a01bfe,REQ-8c02afb8,27616928451,10,False,,6,91,True,2025-04-28 16:10:49.844774,757059640165820,297021355690927,Telkom,4G,False,ZAR,67,"[""device_change""]",2025-08-04 22:35:52.844782,650,200,"{""provider"": ""transunion"", ""msisdn"": ""27616928451"", ""sim_change"": {""score"": 10, ""detected"": false, ""date"": null, ""confidence"": 6}, ""device_change"": {""score"": 91, ""detected"": true, ""date"": ""2025-04-28T16:10:49.844774"", ""previous_device_id"": ""757059640165820"", ""current_device_id"": ""297021355690927""}, ""network"": {""operator"": ""Telkom"", ""type"": ""4G"", ""roaming"": false, ""country"": ""ZAR""}, ""metrics"": {""velocity_score"": 67, ""api_response_time_ms"": 650, ""api_status_code"": 200}, ""fraud_indicators"": [""device_change""], ""response_timestamp"": ""2025-08-04T22:35:52.844782"", ""request_id"": ""REQ-8c02afb8""}"
76216b5a-bf71-4ef3-b34c-99b8e103ce67,REQ-406c2a93,27102786814,99,True,2025-06-10 05:59:58.844793,100,27,False,,,473121727155188,MTN,4G,False,ZAR,89,"[""recent_sim_swap"", ""multiple_failed_otps""]",2025-07-21 09:05:10.844799,1121,200,"{""provider"": ""transunion"", ""msisdn"": ""27102786814"", ""sim_change"": {""score"": 99, ""detected"": true, ""date"": ""2025-06-10T05:59:58.844793"", ""confidence"": 100}, ""device_change"": {""score"": 27, ""detected"": false, ""date"": null, ""previous_device_id"": null, ""current_device_id"": ""473121727155188""}, ""network"": {""operator"": ""MTN"", ""type"": ""4G"", ""roaming"": false, ""country"": ""ZAR""}, ""metrics"": {""velocity_score"": 89, ""api_response_time_ms"": 1121, ""api_status_code"": 200}, ""fraud_indicators"": [""recent_sim_swap"", ""multiple_failed_otps""], ""response_timestamp"": ""2025-07-21T09:05:10.844799"", ""request_id"": ""REQ-406c2a93""}"
e2bd95cd-7ecc-4d40-a48a-9014f2907cfd,REQ-ddcab67b,27323705895,59,False,,45,11,True,2025-05-06 04:49:12.844811,866912517785289,226801824225358,Telkom,5G,False,ZAR,70,"[""device_change""]",2025-07-26 11:13:20.844819,1172,200,"{""provider"": ""transunion"", ""msisdn"": ""27323705895"", ""sim_change"": {""score"": 59, ""detected"": false, ""date"": null, ""confidence"": 45}, ""device_change"": {""score"": 11, ""detected"": true, ""date"": ""2025-05-06T04:49:12.844811"", ""previous_device_id"": ""866912517785289"", ""current_device_id"": ""226801824225358""}, ""network"": {""operator"": ""Telkom"", ""type"": ""5G"", ""roaming"": false, ""country"": ""ZAR""}, ""metrics"": {""velocity_score"": 70, ""api_response_time_ms"": 1172, ""api_status_code"": 200}, ""fraud_indicators"": [""device_change""], ""response_timestamp"": ""2025-07-26T11:13:20.844819"", ""request_id"": ""REQ-ddcab67b""}"
4f415ef9-cdc7-4c22-ac35-758248ceae8c,REQ-d6af9e98,27299229959,5,False,,0,3,True,2025-03-04 01:14:53.844831,439690784473647,102767735925556,MTN,4G,False,ZAR,59,"[""device_change"", ""number_ported""]",2025-08-08 17:07:06.844839,278,200,"{""provider"": ""transunion"", ""msisdn"": ""27299229959"", ""sim_change"": {""score"": 5, ""detected"": false, ""date"": null, ""confidence"": 0}, ""device_change"": {""score"": 3, ""detected"": true, ""date"": ""2025-03-04T01:14:53.844831"", ""previous_device_id"": ""439690784473647"", ""current_device_id"": ""102767735925556""}, ""network"": {""operator"": ""MTN"", ""type"": ""4G"", ""roaming"": false, ""country"": ""ZAR""}, ""metrics"": {""velocity_score"": 59, ""api_response_time_ms"": 278, ""api_status_code"": 200}, ""fraud_indicators"": [""device_change"", ""number_ported""], ""response_timestamp"": ""2025-08-08T17:07:06.844839"", ""request_id"": ""REQ-d6af9e98""}"
96649411-ac1e-4dc0-aa75-b3921f6f3b46,REQ-caf7f69d,27696325953,97,True,2025-07-06 04:06:23.844850,100,39,False,,,168733950047974,Vodacom,5G,False,ZAR,93,"[""recent_sim_swap"", ""multiple_failed_otps""]",2025-08-03 08:55:27.844856,172,200,"{""provider"": ""transunion"", ""msisdn"": ""27696325953"", ""sim_change"": {""score"": 97, ""detected"": true, ""date"": ""2025-07-06T04:06:23.844850"", ""confidence"": 100}, ""device_change"": {""score"": 39, ""detected"": false, ""date"": null, ""previous_device_id"": null, ""current_device_id"": ""168733950047974""}, ""network"": {""operator"": ""Vodacom"", ""type"": ""5G"", ""roaming"": false, ""country"": ""ZAR""}, ""metrics"": {""velocity_score"": 93, ""api_response_time_ms"": 172, ""api_status_code"": 200}, ""fraud_indicators"": [""recent_sim_swap"", ""multiple_failed_otps""], ""response_timestamp"": ""2025-08-03T08:55:27.844856"", ""request_id"": ""REQ-caf7f69d""}"
1d644547-58a1-4239-81ef-9192bd815897,REQ-95898485,27983584168,57,False,,56,35,False,,,991216558523986,Vodacom,3G,False,ZAR,60,[],2025-08-11 00:10:28.844871,1135,200,"{""provider"": ""transunion"", ""msisdn"": ""27983584168"", ""sim_change"": {""score"": 57, ""detected"": false, ""date"": null, ""confidence"": 56}, ""device_change"": {""score"": 35, ""detected"": false, ""date"": null, ""previous_device_id"": null, ""current_device_id"": ""991216558523986""}, ""network"": {""operator"": ""Vodacom"", ""type"": ""3G"", ""roaming"": false, ""country"": ""ZAR""}, ""metrics"": {""velocity_score"": 60, ""api_response_time_ms"": 1135, ""api_status_code"": 200}, ""fraud_indicators"": [], ""response_timestamp"": ""2025-08-11T00:10:28.844871"", ""request_id"": ""REQ-95898485""}"
f57d6b76-0e7e-406f-971a-8a094d0ed4a4,REQ-f71cb98c,27952694958,65,True,2025-04-01 04:24:46.844882,62,2,False,,,169409749930972,Vodacom,5G,False,ZAR,87,"[""recent_sim_swap"", ""multiple_failed_otps""]",2025-07-28 18:14:47.844887,470,200,"{""provider"": ""transunion"", ""msisdn"": ""27952694958"", ""sim_change"": {""score"": 65, ""detected"": true, ""date"": ""2025-04-01T04:24:46.844882"", ""confidence"": 62}, ""device_change"": {""score"": 2, ""detected"": false, ""date"": null, ""previous_device_id"": null, ""current_device_id"": ""169409749930972""}, ""network"": {""operator"": ""Vodacom"", ""type"": ""5G"", ""roaming"": false, ""country"": ""ZAR""}, ""metrics"": {""velocity_score"": 87, ""api_response_time_ms"": 470, ""api_status_code"": 200}, ""fraud_indicators"": [""recent_sim_swap"", ""multiple_failed_otps""], ""response_timestamp"": ""2025-07-28T18:14:47.844887"", ""request_id"": ""REQ-f71cb98c""}"
f5340955-73b3-45ef-95bd-c22b6842f9d1,REQ-0562fcb3,27562636897,94,True,2025-07-31 17:13:13.844899,85,66,True,2025-06-23 01:49:35.844900,578652785854973,348434437575844,MTN,4G,False,ZAR,44,"[""recent_sim_swap"", ""device_change""]",2025-07-21 16:54:53.844908,674,200,"{""provider"": ""transunion"", ""msisdn"": ""27562636897"", ""sim_change"": {""score"": 94, ""detected"": true, ""date"": ""2025-07-31T17:13:13.844899"", ""confidence"": 85}, ""device_change"": {""score"": 66, ""detected"": true, ""date"": ""2025-06-23T01:49:35.844900"", ""previous_device_id"": ""578652785854973"", ""current_device_id"": ""348434437575844""}, ""network"": {""operator"": ""MTN"", ""type"": ""4G"", ""roaming"": false, ""country"": ""ZAR""}, ""metrics"": {""velocity_score"": 44, ""api_response_time_ms"": 674, ""api_status_code"": 200}, ""fraud_indicators"": [""recent_sim_swap"", ""device_change""], ""response_timestamp"": ""2025-07-21T16:54:53.844908"", ""request_id"": ""REQ-0562fcb3""}"
281aff61-b7ff-4c8f-9256-a21fe5c9fff6,REQ-4147c2e4,27157473384,71,True,2025-02-18 12:21:30.844919,79,75,True,2025-06-15 13:25:12.844921,083301657120826,773454019380262,Telkom,3G,False,ZAR,23,"[""recent_sim_swap"", ""device_change""]",2025-07-16 11:42:30.844929,156,200,"{""provider"": ""transunion"", ""msisdn"": ""27157473384"", ""sim_change"": {""score"": 71, ""detected"": true, ""date"": ""2025-02-18T12:21:30.844919"", ""confidence"": 79}, ""device_change"": {""score"": 75, ""detected"": true, ""date"": ""2025-06-15T13:25:12.844921"", ""previous_device_id"": ""083301657120826"", ""current_device_id"": ""773454019380262""}, ""network"": {""operator"": ""Telkom"", ""type"": ""3G"", ""roaming"": false, ""country"": ""ZAR""}, ""metrics"": {""velocity_score"": 23, ""api_response_time_ms"": 156, ""api_status_code"": 200}, ""fraud_indicators"": [""recent_sim_swap"", ""device_change""], ""response_timestamp"": ""2025-07-16T11:42:30.844929"", ""request_id"": ""REQ-4147c2e4""}"
aebc55b7-f2cc-46de-b5f6-5851cdbe4aad,REQ-5d76a1d4,27991547887,17,False,,27,59,True,2025-06-07 15:13:39.844941,152742054932966,851612275304637,Cell C,5G,False,ZAR,1,"[""device_change""]",2025-08-04 13:38:39.844949,207,200,"{""provider"": ""transunion"", ""msisdn"": ""27991547887"", ""sim_change"": {""score"": 17, ""detected"": false, ""date"": null, ""confidence"": 27}, ""device_change"": {""score"": 59, ""detected"": true, ""date"": ""2025-06-07T15:13:39.844941"", ""previous_device_id"": ""152742054932966"", ""current_device_id"": ""851612275304637""}, ""network"": {""operator"": ""Cell C"", ""type"": ""5G"", ""roaming"": false, ""country"": ""ZAR""}, ""metrics"": {""velocity_score"": 1, ""api_response_time_ms"": 207, ""api_status_code"": 200}, ""fraud_indicators"": [""device_change""], ""response_timestamp"": ""2025-08-04T13:38:39.844949"", ""request_id"": ""REQ-5d76a1d4""}"
6a079a3e-f783-4b4d-ae48-9095a0e3e7fb,REQ-ad047832,27742684145,78,True,2025-06-20 14:16:10.844961,88,58,True,2025-03-13 08:38:40.844963,687833918785191,088398225871397,MTN,4G,False,ZAR,65,"[""recent_sim_swap"", ""device_change""]",2025-07-28 20:08:44.844971,1026,200,"{""provider"": ""transunion"", ""msisdn"": ""27742684145"", ""sim_change"": {""score"": 78, ""detected"": true, ""date"": ""2025-06-20T14:16:10.844961"", ""confidence"": 88}, ""device_change"": {""score"": 58, ""detected"": true, ""date"": ""2025-03-13T08:38:40.844963"", ""previous_device_id"": ""687833918785191"", ""current_device_id"": ""088398225871397""}, ""network"": {""operator"": ""MTN"", ""type"": ""4G"", ""roaming"": false, ""country"": ""ZAR""}, ""metrics"": {""velocity_score"": 65, ""api_response_time_ms"": 1026, ""api_status_code"": 200}, ""fraud_indicators"": [""recent_sim_swap"", ""device_change""], ""response_timestamp"": ""2025-07-28T20:08:44.844971"", ""request_id"": ""REQ-ad047832""}"
a8975013-a80a-4e74-ac13-f8c33818872e,REQ-fccc25f9,27406403910,54,False,,50,8,False,,,017046226567661,Vodacom,4G,False,ZAR,44,"[""number_ported""]",2025-08-03 02:59:35.844987,340,200,"{""provider"": ""transunion"", ""msisdn"": ""27406403910"", ""sim_change"": {""score"": 54, ""detected"": false, ""date"": null, ""confidence"": 50}, ""device_change"": {""score"": 8, ""detected"": false, ""date"": null, ""previous_device_id"": null, ""current_device_id"": ""017046226567661""}, ""network"": {""operator"": ""Vodacom"", ""type"": ""4G"", ""roaming"": false, ""country"": ""ZAR""}, ""metrics"": {""velocity_score"": 44, ""api_response_time_ms"": 340, ""api_status_code"": 200}, ""fraud_indicators"": [""number_ported""], ""response_timestamp"": ""2025-08-03T02:59:35.844987"", ""request_id"": ""REQ-fccc25f9""}"
5709c89f-22de-473e-a45a-bfaedf52e12f,REQ-ed294381,27300478686,29,False,,24,92,True,2025-07-18 21:04:29.844999,690331190790306,738302843959953,MTN,3G,False,ZAR,38,"[""device_change""]",2025-07-29 00:42:21.845007,438,200,"{""provider"": ""transunion"", ""msisdn"": ""27300478686"", ""sim_change"": {""score"": 29, ""detected"": false, ""date"": null, ""confidence"": 24}, ""device_change"": {""score"": 92, ""detected"": true, ""date"": ""2025-07-18T21:04:29.844999"", ""previous_device_id"": ""690331190790306"", ""current_device_id"": ""738302843959953""}, ""network"": {""operator"": ""MTN"", ""type"": ""3G"", ""roaming"": false, ""country"": ""ZAR""}, ""metrics"": {""velocity_score"": 38, ""api_response_time_ms"": 438, ""api_status_code"": 200}, ""fraud_indicators"": [""device_change""], ""response_timestamp"": ""2025-07-29T00:42:21.845007"", ""request_id"": ""REQ-ed294381""}"
9836726b-e48e-4635-8d50-a7051de00d70,REQ-d70c5fe9,27687056856,52,False,,58,48,False,,,873342708668826,MTN,4G,False,ZAR,47,"[""roaming_high_risk""]",2025-07-20 15:18:45.845022,185,200,"{""provider"": ""transunion"", ""msisdn"": ""27687056856"", ""sim_change"": {""score"": 52, ""detected"": false, ""date"": null, ""confidence"": 58}, ""device_change"": {""score"": 48, ""detected"": false, ""date"": null, ""previous_device_id"": null, ""current_device_id"": ""873342708668826""}, ""network"": {""operator"": ""MTN"", ""type"": ""4G"", ""roaming"": false, ""country"": ""ZAR""}, ""metrics"": {""velocity_score"": 47, ""api_response_time_ms"": 185, ""api_status_code"": 200}, ""fraud_indicators"": [""roaming_high_risk""], ""response_timestamp"": ""2025-07-20T15:18:45.845022"", ""request_id"": ""REQ-d70c5fe9""}"
b5e0cfd3-64b4-434f-b58d-ddf05889b7b6,REQ-be40f57c,27990139837,26,False,,13,1,False,,,317393638546785,MTN,4G,False,ZAR,92,"[""multiple_failed_otps""]",2025-07-20 10:35:18.845038,496,200,"{""provider"": ""transunion"", ""msisdn"": ""27990139837"", ""sim_change"": {""score"": 26, ""detected"": false, ""date"": null, ""confidence"": 13}, ""device_change"": {""score"": 1, ""detected"": false, ""date"": null, ""previous_device_id"": null, ""current_device_id"": ""317393638546785""}, ""network"": {""operator"": ""MTN"", ""type"": ""4G"", ""roaming"": false, ""country"": ""ZAR""}, ""metrics"": {""velocity_score"": 92, ""api_response_time_ms"": 496, ""api_status_code"": 200}, ""fraud_indicators"": [""multiple_failed_otps""], ""response_timestamp"": ""2025-07-20T10:35:18.845038"", ""request_id"": ""REQ-be40f57c""}"
c7cd4e54-2fb8-4f40-89c7-954578f07514,REQ-514c43f2,27609320489,74,True,2025-05-01 11:30:00.845049,95,19,False,,,369378547772522,Cell C,4G,False,ZAR,82,"[""recent_sim_swap"", ""multiple_failed_otps""]",2025-07-30 21:00:58.845054,232,429,"{""provider"": ""transunion"", ""msisdn"": ""27609320489"", ""sim_change"": {""score"": 74, ""detected"": true, ""date"": ""2025-05-01T11:30:00.845049"", ""confidence"": 95}, ""device_change"": {""score"": 19, ""detected"": false, ""date"": null, ""previous_device_id"": null, ""current_device_id"": ""369378547772522""}, ""network"": {""operator"": ""Cell C"", ""type"": ""4G"", ""roaming"": false, ""country"": ""ZAR""}, ""metrics"": {""velocity_score"": 82, ""api_response_time_ms"": 232, ""api_status_code"": 429}, ""fraud_indicators"": [""recent_sim_swap"", ""multiple_failed_otps""], ""response_timestamp"": ""2025-07-30T21:00:58.845054"", ""request_id"": ""REQ-514c43f2""}"
6bc5e6e7-19d1-4bc1-91d4-7e91c4e2ead3,REQ-3530140d,27006231203,64,True,2025-04-21 08:39:35.845065,77,78,True,2025-04-14 04:29:07.845067,008860084840862,118233984546156,Vodacom,4G,False,ZAR,10,"[""recent_sim_swap"", ""device_change""]",2025-07-18 22:35:09.845074,144,200,"{""provider"": ""transunion"", ""msisdn"": ""27006231203"", ""sim_change"": {""score"": 64, ""detected"": true, ""date"": ""2025-04-21T08:39:35.845065"", ""confidence"": 77}, ""device_change"": {""score"": 78, ""detected"": true, ""date"": ""2025-04-14T04:29:07.845067"", ""previous_device_id"": ""008860084840862"", ""current_device_id"": ""118233984546156""}, ""network"": {""operator"": ""Vodacom"", ""type"": ""4G"", ""roaming"": false, ""country"": ""ZAR""}, ""metrics"": {""velocity_score"": 10, ""api_response_time_ms"": 144, ""api_status_code"": 200}, ""fraud_indicators"": [""recent_sim_swap"", ""device_change""], ""response_timestamp"": ""2025-07-18T22:35:09.845074"", ""request_id"": ""REQ-3530140d""}"
2b4495a6-b539-480a-a0f3-01ed04512b58,REQ-d46053c0,27668700217,55,False,,60,42,False,,,180339740148902,Telkom,4G,False,ZAR,96,"[""multiple_failed_otps""]",2025-07-20 07:44:46.845090,237,200,"{""provider"": ""transunion"", ""msisdn"": ""27668700217"", ""sim_change"": {""score"": 55, ""detected"": false, ""date"": null, ""confidence"": 60}, ""device_change"": {""score"": 42, ""detected"": false, ""date"": null, ""previous_device_id"": null, ""current_device_id"": ""180339740148902""}, ""network"": {""operator"": ""Telkom"", ""type"": ""4G"", ""roaming"": false, ""country"": ""ZAR""}, ""metrics"": {""velocity_score"": 96, ""api_response_time_ms"": 237, ""api_status_code"": 200}, ""fraud_indicators"": [""multiple_failed_otps""], ""response_timestamp"": ""2025-07-20T07:44:46.845090"", ""request_id"": ""REQ-d46053c0""}"
e084f40a-69d8-4ca8-a6b8-998b42d54772,REQ-c2dbf4e1,27939685621,64,True,2025-05-19 20:17:33.845101,69,9,False,,,996504773586629,Vodacom,3G,False,ZAR,91,"[""recent_sim_swap"", ""multiple_failed_otps"", ""vpn_detected""]",2025-08-11 08:24:44.845108,395,200,"{""provider"": ""transunion"", ""msisdn"": ""27939685621"", ""sim_change"": {""score"": 64, ""detected"": true, ""date"": ""2025-05-19T20:17:33.845101"", ""confidence"": 69}, ""device_change"": {""score"": 9, ""detected"": false, ""date"": null, ""previous_device_id"": null, ""current_device_id"": ""996504773586629""}, ""network"": {""operator"": ""Vodacom"", ""type"": ""3G"", ""roaming"": false, ""country"": ""ZAR""}, ""metrics"": {""velocity_score"": 91, ""api_response_time_ms"": 395, ""api_status_code"": 200}, ""fraud_indicators"": [""recent_sim_swap"", ""multiple_failed_otps"", ""vpn_detected""], ""response_timestamp"": ""2025-08-11T08:24:44.845108"", ""request_id"": ""REQ-c2dbf4e1""}"
6bb2916a-079b-4acf-9e78-c42b24c01349,REQ-569a9d24,27551104754,13,False,,17,23,False,,,888610158199560,MTN,4G,False,ZAR,31,[],2025-08-10 08:23:08.845123,427,200,"{""provider"": ""transunion"", ""msisdn"": ""27551104754"", ""sim_change"": {""score"": 13, ""detected"": false, ""date"": null, ""confidence"": 17}, ""device_change"": {""score"": 23, ""detected"": false, ""date"": null, ""previous_device_id"": null, ""current_device_id"": ""888610158199560""}, ""network"": {""operator"": ""MTN"", ""type"": ""4G"", ""roaming"": false, ""country"": ""ZAR""}, ""metrics"": {""velocity_score"": 31, ""api_response_time_ms"": 427, ""api_status_code"": 200}, ""fraud_indicators"": [], ""response_timestamp"": ""2025-08-10T08:23:08.845123"", ""request_id"": ""REQ-569a9d24""}"
260bd4d1-87c9-4e18-a99f-a51ffe7e3c74,REQ-579e3030,27447212646,38,False,,44,31,False,,,799371240659657,MTN,5G,False,ZAR,17,[],2025-07-27 14:56:05.845138,1061,200,"{""provider"": ""transunion"", ""msisdn"": ""27447212646"", ""sim_change"": {""score"": 38, ""detected"": false, ""date"": null, ""confidence"": 44}, ""device_change"": {""score"": 31, ""detected"": false, ""date"": null, ""previous_device_id"": null, ""current_device_id"": ""799371240659657""}, ""network"": {""operator"": ""MTN"", ""type"": ""5G"", ""roaming"": false, ""country"": ""ZAR""}, ""metrics"": {""velocity_score"": 17, ""api_response_time_ms"": 1061, ""api_status_code"": 200}, ""fraud_indicators"": [], ""response_timestamp"": ""2025-07-27T14:56:05.845138"", ""request_id"": ""REQ-579e3030""}"
adbc7d1a-1d9b-4116-8a77-975821dc3dd5,REQ-b1de79e9,27654793564,100,True,2025-05-07 08:57:28.845149,100,14,False,,,398280737416724,MTN,4G,False,ZAR,9,"[""recent_sim_swap""]",2025-07-27 04:47:57.845155,900,200,"{""provider"": ""transunion"", ""msisdn"": ""27654793564"", ""sim_change"": {""score"": 100, ""detected"": true, ""date"": ""2025-05-07T08:57:28.845149"", ""confidence"": 100}, ""device_change"": {""score"": 14, ""detected"": false, ""date"": null, ""previous_device_id"": null, ""current_device_id"": ""398280737416724""}, ""network"": {""operator"": ""MTN"", ""type"": ""4G"", ""roaming"": false, ""country"": ""ZAR""}, ""metrics"": {""velocity_score"": 9, ""api_response_time_ms"": 900, ""api_status_code"": 200}, ""fraud_indicators"": [""recent_sim_swap""], ""response_timestamp"": ""2025-07-27T04:47:57.845155"", ""request_id"": ""REQ-b1de79e9""}"
5b09dc55-e713-4b28-9964-fec0a7d7d85e,REQ-cde2f39d,27680589113,84,True,2025-02-26 09:19:20.845167,90,72,True,2025-03-02 22:42:02.845168,656101438889937,567982507146112,MTN,4G,False,ZAR,44,"[""recent_sim_swap"", ""device_change""]",2025-08-01 05:46:28.845176,733,200,"{""provider"": ""transunion"", ""msisdn"": ""27680589113"", ""sim_change"": {""score"": 84, ""detected"": true, ""date"": ""2025-02-26T09:19:20.845167"", ""confidence"": 90}, ""device_change"": {""score"": 72, ""detected"": true, ""date"": ""2025-03-02T22:42:02.845168"", ""previous_device_id"": ""656101438889937"", ""current_device_id"": ""567982507146112""}, ""network"": {""operator"": ""MTN"", ""type"": ""4G"", ""roaming"": false, ""country"": ""ZAR""}, ""metrics"": {""velocity_score"": 44, ""api_response_time_ms"": 733, ""api_status_code"": 200}, ""fraud_indicators"": [""recent_sim_swap"", ""device_change""], ""response_timestamp"": ""2025-08-01T05:46:28.845176"", ""request_id"": ""REQ-cde2f39d""}"
0ffac40c-209a-4125-90f9-828e14cba350,REQ-9ce8be25,27010512382,70,True,2025-07-06 10:11:48.845190,81,71,True,2025-04-28 05:25:29.845191,362266093796603,341918255371478,Telkom,4G,False,ZAR,14,"[""recent_sim_swap"", ""device_change""]",2025-07-19 05:34:39.845200,433,200,"{""provider"": ""transunion"", ""msisdn"": ""27010512382"", ""sim_change"": {""score"": 70, ""detected"": true, ""date"": ""2025-07-06T10:11:48.845190"", ""confidence"": 81}, ""device_change"": {""score"": 71, ""detected"": true, ""date"": ""2025-04-28T05:25:29.845191"", ""previous_device_id"": ""362266093796603"", ""current_device_id"": ""341918255371478""}, ""network"": {""operator"": ""Telkom"", ""type"": ""4G"", ""roaming"": false, ""country"": ""ZAR""}, ""metrics"": {""velocity_score"": 14, ""api_response_time_ms"": 433, ""api_status_code"": 200}, ""fraud_indicators"": [""recent_sim_swap"", ""device_change""], ""response_timestamp"": ""2025-07-19T05:34:39.845200"", ""request_id"": ""REQ-9ce8be25""}"
ae8eda5f-fff9-43f2-8952-1ba18d7fa125,REQ-8770ec30,27499125134,14,False,,9,53,False,,,966278282742257,Vodacom,5G,False,ZAR,24,[],2025-07-16 01:48:04.845217,1115,200,"{""provider"": ""transunion"", ""msisdn"": ""27499125134"", ""sim_change"": {""score"": 14, ""detected"": false, ""date"": null, ""confidence"": 9}, ""device_change"": {""score"": 53, ""detected"": false, ""date"": null, ""previous_device_id"": null, ""current_device_id"": ""966278282742257""}, ""network"": {""operator"": ""Vodacom"", ""type"": ""5G"", ""roaming"": false, ""country"": ""ZAR""}, ""metrics"": {""velocity_score"": 24, ""api_response_time_ms"": 1115, ""api_status_code"": 200}, ""fraud_indicators"": [], ""response_timestamp"": ""2025-07-16T01:48:04.845217"", ""request_id"": ""REQ-8770ec30""}"
9fad5906-4b7e-4b62-8411-23109ace6d2d,REQ-947a1e46,27676772190,97,True,2025-06-20 11:36:47.845227,85,4,False,,,842797881914858,Cell C,3G,False,ZAR,54,"[""recent_sim_swap"", ""multiple_failed_otps""]",2025-07-22 13:14:07.845233,689,200,"{""provider"": ""transunion"", ""msisdn"": ""27676772190"", ""sim_change"": {""score"": 97, ""detected"": true, ""date"": ""2025-06-20T11:36:47.845227"", ""confidence"": 85}, ""device_change"": {""score"": 4, ""detected"": false, ""date"": null, ""previous_device_id"": null, ""current_device_id"": ""842797881914858""}, ""network"": {""operator"": ""Cell C"", ""type"": ""3G"", ""roaming"": false, ""country"": ""ZAR""}, ""metrics"": {""velocity_score"": 54, ""api_response_time_ms"": 689, ""api_status_code"": 200}, ""fraud_indicators"": [""recent_sim_swap"", ""multiple_failed_otps""], ""response_timestamp"": ""2025-07-22T13:14:07.845233"", ""request_id"": ""REQ-947a1e46""}"
84771b90-7268-4a03-bfb1-0f5f5109e7fa,REQ-cc7dfb0b,27074517133,94,True,2025-03-18 09:28:54.845245,100,54,False,,,233095849825449,MTN,5G,False,ZAR,12,"[""recent_sim_swap"", ""number_ported""]",2025-07-17 20:05:21.845251,647,200,"{""provider"": ""transunion"", ""msisdn"": ""27074517133"", ""sim_change"": {""score"": 94, ""detected"": true, ""date"": ""2025-03-18T09:28:54.845245"", ""confidence"": 100}, ""device_change"": {""score"": 54, ""detected"": false, ""date"": null, ""previous_device_id"": null, ""current_device_id"": ""233095849825449""}, ""network"": {""operator"": ""MTN"", ""type"": ""5G"", ""roaming"": false, ""country"": ""ZAR""}, ""metrics"": {""velocity_score"": 12, ""api_response_time_ms"": 647, ""api_status_code"": 200}, ""fraud_indicators"": [""recent_sim_swap"", ""number_ported""], ""response_timestamp"": ""2025-07-17T20:05:21.845251"", ""request_id"": ""REQ-cc7dfb0b""}"
0bd96324-5c77-409e-b6e7-c2371f3646c3,REQ-06aab503,27223253672,73,True,2025-03-07 12:27:50.845262,62,80,True,2025-05-01 08:35:17.845264,711684577590175,186363745458929,Telkom,5G,False,ZAR,5,"[""recent_sim_swap"", ""device_change"", ""roaming_high_risk""]",2025-08-15 17:43:27.845272,403,200,"{""provider"": ""transunion"", ""msisdn"": ""27223253672"", ""sim_change"": {""score"": 73, ""detected"": true, ""date"": ""2025-03-07T12:27:50.845262"", ""confidence"": 62}, ""device_change"": {""score"": 80, ""detected"": true, ""date"": ""2025-05-01T08:35:17.845264"", ""previous_device_id"": ""711684577590175"", ""current_device_id"": ""186363745458929""}, ""network"": {""operator"": ""Telkom"", ""type"": ""5G"", ""roaming"": false, ""country"": ""ZAR""}, ""metrics"": {""velocity_score"": 5, ""api_response_time_ms"": 403, ""api_status_code"": 200}, ""fraud_indicators"": [""recent_sim_swap"", ""device_change"", ""roaming_high_risk""], ""response_timestamp"": ""2025-08-15T17:43:27.845272"", ""request_id"": ""REQ-06aab503""}"
3543b42c-4642-4748-8683-84dc235b8627,REQ-0c6f507b,27063242415,32,True,2025-02-25 22:37:17.845284,37,39,False,,,361103712938700,Vodacom,5G,False,ZAR,16,"[""recent_sim_swap""]",2025-08-08 08:18:02.845290,262,200,"{""provider"": ""transunion"", ""msisdn"": ""27063242415"", ""sim_change"": {""score"": 32, ""detected"": true, ""date"": ""2025-02-25T22:37:17.845284"", ""confidence"": 37}, ""device_change"": {""score"": 39, ""detected"": false, ""date"": null, ""previous_device_id"": null, ""current_device_id"": ""361103712938700""}, ""network"": {""operator"": ""Vodacom"", ""type"": ""5G"", ""roaming"": false, ""country"": ""ZAR""}, ""metrics"": {""velocity_score"": 16, ""api_response_time_ms"": 262, ""api_status_code"": 200}, ""fraud_indicators"": [""recent_sim_swap""], ""response_timestamp"": ""2025-08-08T08:18:02.845290"", ""request_id"": ""REQ-0c6f507b""}"
71d7cda4-2db7-40a1-a8b6-8377df4f09ed,REQ-586e10eb,27115542622,8,False,,16,1,False,,,275326973112196,Vodacom,4G,False,ZAR,82,"[""multiple_failed_otps"", ""number_ported""]",2025-07-27 00:24:07.845306,663,200,"{""provider"": ""transunion"", ""msisdn"": ""27115542622"", ""sim_change"": {""score"": 8, ""detected"": false, ""date"": null, ""confidence"": 16}, ""device_change"": {""score"": 1, ""detected"": false, ""date"": null, ""previous_device_id"": null, ""current_device_id"": ""275326973112196""}, ""network"": {""operator"": ""Vodacom"", ""type"": ""4G"", ""roaming"": false, ""country"": ""ZAR""}, ""metrics"": {""velocity_score"": 82, ""api_response_time_ms"": 663, ""api_status_code"": 200}, ""fraud_indicators"": [""multiple_failed_otps"", ""number_ported""], ""response_timestamp"": ""2025-07-27T00:24:07.845306"", ""request_id"": ""REQ-586e10eb""}"
0c87f26f-41d8-45c6-918e-57eae497b504,REQ-3406eaab,27043898364,82,True,2025-08-02 13:32:01.845317,77,63,True,2025-03-05 00:37:24.845318,180552696582710,910430068486661,Vodacom,4G,False,ZAR,10,"[""recent_sim_swap"", ""device_change""]",2025-08-09 16:35:26.845326,1178,200,"{""provider"": ""transunion"", ""msisdn"": ""27043898364"", ""sim_change"": {""score"": 82, ""detected"": true, ""date"": ""2025-08-02T13:32:01.845317"", ""confidence"": 77}, ""device_change"": {""score"": 63, ""detected"": true, ""date"": ""2025-03-05T00:37:24.845318"", ""previous_device_id"": ""180552696582710"", ""current_device_id"": ""910430068486661""}, ""network"": {""operator"": ""Vodacom"", ""type"": ""4G"", ""roaming"": false, ""country"": ""ZAR""}, ""metrics"": {""velocity_score"": 10, ""api_response_time_ms"": 1178, ""api_status_code"": 200}, ""fraud_indicators"": [""recent_sim_swap"", ""device_change""], ""response_timestamp"": ""2025-08-09T16:35:26.845326"", ""request_id"": ""REQ-3406eaab""}"
213c47db-c86c-4b6e-bad7-8c080932144f,REQ-873a4694,27914630316,14,False,,14,77,True,2025-08-01 10:59:12.845339,210202758842524,105648149177850,Vodacom,4G,False,ZAR,13,"[""device_change""]",2025-07-25 18:02:54.845348,547,200,"{""provider"": ""transunion"", ""msisdn"": ""27914630316"", ""sim_change"": {""score"": 14, ""detected"": false, ""date"": null, ""confidence"": 14}, ""device_change"": {""score"": 77, ""detected"": true, ""date"": ""2025-08-01T10:59:12.845339"", ""previous_device_id"": ""210202758842524"", ""current_device_id"": ""105648149177850""}, ""network"": {""operator"": ""Vodacom"", ""type"": ""4G"", ""roaming"": false, ""country"": ""ZAR""}, ""metrics"": {""velocity_score"": 13, ""api_response_time_ms"": 547, ""api_status_code"": 200}, ""fraud_indicators"": [""device_change""], ""response_timestamp"": ""2025-07-25T18:02:54.845348"", ""request_id"": ""REQ-873a4694""}"
a85f045f-a6fa-4dc4-8945-c393a0537c06,REQ-3ec3b159,27000307562,22,False,,29,91,True,2025-03-01 06:58:44.845363,353654195180238,061744518705349,Cell C,5G,False,ZAR,63,"[""device_change""]",2025-07-22 15:07:57.845371,1199,200,"{""provider"": ""transunion"", ""msisdn"": ""27000307562"", ""sim_change"": {""score"": 22, ""detected"": false, ""date"": null, ""confidence"": 29}, ""device_change"": {""score"": 91, ""detected"": true, ""date"": ""2025-03-01T06:58:44.845363"", ""previous_device_id"": ""353654195180238"", ""current_device_id"": ""061744518705349""}, ""network"": {""operator"": ""Cell C"", ""type"": ""5G"", ""roaming"": false, ""country"": ""ZAR""}, ""metrics"": {""velocity_score"": 63, ""api_response_time_ms"": 1199, ""api_status_code"": 200}, ""fraud_indicators"": [""device_change""], ""response_timestamp"": ""2025-07-22T15:07:57.845371"", ""request_id"": ""REQ-3ec3b159""}"
0380285a-9163-4926-92f5-59a317e5e475,REQ-7bd112a5,27320603850,42,True,2025-02-28 08:32:52.845382,32,94,True,2025-05-29 18:27:47.845383,383670241038657,191826199062344,Telkom,5G,False,ZAR,41,"[""recent_sim_swap"", ""device_change""]",2025-08-07 13:44:32.845391,232,429,"{""provider"": ""transunion"", ""msisdn"": ""27320603850"", ""sim_change"": {""score"": 42, ""detected"": true, ""date"": ""2025-02-28T08:32:52.845382"", ""confidence"": 32}, ""device_change"": {""score"": 94, ""detected"": true, ""date"": ""2025-05-29T18:27:47.845383"", ""previous_device_id"": ""383670241038657"", ""current_device_id"": ""191826199062344""}, ""network"": {""operator"": ""Telkom"", ""type"": ""5G"", ""roaming"": false, ""country"": ""ZAR""}, ""metrics"": {""velocity_score"": 41, ""api_response_time_ms"": 232, ""api_status_code"": 429}, ""fraud_indicators"": [""recent_sim_swap"", ""device_change""], ""response_timestamp"": ""2025-08-07T13:44:32.845391"", ""request_id"": ""REQ-7bd112a5""}"
a75f8365-1f98-472f-b5f6-de655c7b75e9,REQ-94991585,27291212775,52,False,,41,57,True,2025-05-29 05:22:40.845408,411249035213568,044206788317121,MTN,5G,False,ZAR,51,"[""device_change""]",2025-07-25 22:46:31.845420,252,200,"{""provider"": ""transunion"", ""msisdn"": ""27291212775"", ""sim_change"": {""score"": 52, ""detected"": false, ""date"": null, ""confidence"": 41}, ""device_change"": {""score"": 57, ""detected"": true, ""date"": ""2025-05-29T05:22:40.845408"", ""previous_device_id"": ""411249035213568"", ""current_device_id"": ""044206788317121""}, ""network"": {""operator"": ""MTN"", ""type"": ""5G"", ""roaming"": false, ""country"": ""ZAR""}, ""metrics"": {""velocity_score"": 51, ""api_response_time_ms"": 252, ""api_status_code"": 200}, ""fraud_indicators"": [""device_change""], ""response_timestamp"": ""2025-07-25T22:46:31.845420"", ""request_id"": ""REQ-94991585""}"
9b798140-8392-4414-a3fe-ee967b45f964,REQ-f2046471,27410137215,15,True,2025-04-19 20:24:14.845436,28,21,False,,,667066253244720,Vodacom,4G,False,ZAR,70,"[""recent_sim_swap""]",2025-08-13 12:03:41.845443,864,200,"{""provider"": ""transunion"", ""msisdn"": ""27410137215"", ""sim_change"": {""score"": 15, ""detected"": true, ""date"": ""2025-04-19T20:24:14.845436"", ""confidence"": 28}, ""device_change"": {""score"": 21, ""detected"": false, ""date"": null, ""previous_device_id"": null, ""current_device_id"": ""667066253244720""}, ""network"": {""operator"": ""Vodacom"", ""type"": ""4G"", ""roaming"": false, ""country"": ""ZAR""}, ""metrics"": {""velocity_score"": 70, ""api_response_time_ms"": 864, ""api_status_code"": 200}, ""fraud_indicators"": [""recent_sim_swap""], ""response_timestamp"": ""2025-08-13T12:03:41.845443"", ""request_id"": ""REQ-f2046471""}"
a422ea9c-aed8-49c7-b370-7ac50b8d7b5c,REQ-73be245c,27383806578,100,True,2025-04-13 09:43:18.845456,100,49,False,,,059304078593213,Vodacom,4G,False,ZAR,7,"[""recent_sim_swap""]",2025-07-16 14:15:33.845463,875,200,"{""provider"": ""transunion"", ""msisdn"": ""27383806578"", ""sim_change"": {""score"": 100, ""detected"": true, ""date"": ""2025-04-13T09:43:18.845456"", ""confidence"": 100}, ""device_change"": {""score"": 49, ""detected"": false, ""date"": null, ""previous_device_id"": null, ""current_device_id"": ""059304078593213""}, ""network"": {""operator"": ""Vodacom"", ""type"": ""4G"", ""roaming"": false, ""country"": ""ZAR""}, ""metrics"": {""velocity_score"": 7, ""api_response_time_ms"": 875, ""api_status_code"": 200}, ""fraud_indicators"": [""recent_sim_swap""], ""response_timestamp"": ""2025-07-16T14:15:33.845463"", ""request_id"": ""REQ-73be245c""}"
75bd2f99-91c8-40d1-85ea-52bf5e298c0e,REQ-e94f71b8,27223955905,72,True,2025-03-24 17:04:26.845476,65,72,True,2025-06-28 04:19:34.845477,842701039308705,932525002921851,Vodacom,5G,False,ZAR,38,"[""recent_sim_swap"", ""device_change""]",2025-08-10 06:20:30.845487,1077,200,"{""provider"": ""transunion"", ""msisdn"": ""27223955905"", ""sim_change"": {""score"": 72, ""detected"": true, ""date"": ""2025-03-24T17:04:26.845476"", ""confidence"": 65}, ""device_change"": {""score"": 72, ""detected"": true, ""date"": ""2025-06-28T04:19:34.845477"", ""previous_device_id"": ""842701039308705"", ""current_device_id"": ""932525002921851""}, ""network"": {""operator"": ""Vodacom"", ""type"": ""5G"", ""roaming"": false, ""country"": ""ZAR""}, ""metrics"": {""velocity_score"": 38, ""api_response_time_ms"": 1077, ""api_status_code"": 200}, ""fraud_indicators"": [""recent_sim_swap"", ""device_change""], ""response_timestamp"": ""2025-08-10T06:20:30.845487"", ""request_id"": ""REQ-e94f71b8""}"
95ffc32d-ea6e-432a-a42c-75ecf7d1d619,REQ-e027e48d,27289539264,93,True,2025-02-20 11:31:29.845500,100,89,True,2025-03-22 07:59:24.845502,902959391725135,521570433154100,Vodacom,5G,False,ZAR,63,"[""recent_sim_swap"", ""device_change""]",2025-08-04 02:22:03.845512,848,200,"{""provider"": ""transunion"", ""msisdn"": ""27289539264"", ""sim_change"": {""score"": 93, ""detected"": true, ""date"": ""2025-02-20T11:31:29.845500"", ""confidence"": 100}, ""device_change"": {""score"": 89, ""detected"": true, ""date"": ""2025-03-22T07:59:24.845502"", ""previous_device_id"": ""902959391725135"", ""current_device_id"": ""521570433154100""}, ""network"": {""operator"": ""Vodacom"", ""type"": ""5G"", ""roaming"": false, ""country"": ""ZAR""}, ""metrics"": {""velocity_score"": 63, ""api_response_time_ms"": 848, ""api_status_code"": 200}, ""fraud_indicators"": [""recent_sim_swap"", ""device_change""], ""response_timestamp"": ""2025-08-04T02:22:03.845512"", ""request_id"": ""REQ-e027e48d""}"
41b14d5b-ed14-49df-bc99-6232ff237d4f,REQ-24a0c4db,27793271040,40,False,,51,13,True,2025-07-03 08:34:39.845525,218159970629620,153368844431069,Vodacom,4G,True,ZAR,11,"[""device_change""]",2025-07-24 23:29:20.845535,1063,200,"{""provider"": ""transunion"", ""msisdn"": ""27793271040"", ""sim_change"": {""score"": 40, ""detected"": false, ""date"": null, ""confidence"": 51}, ""device_change"": {""score"": 13, ""detected"": true, ""date"": ""2025-07-03T08:34:39.845525"", ""previous_device_id"": ""218159970629620"", ""current_device_id"": ""153368844431069""}, ""network"": {""operator"": ""Vodacom"", ""type"": ""4G"", ""roaming"": true, ""country"": ""ZAR""}, ""metrics"": {""velocity_score"": 11, ""api_response_time_ms"": 1063, ""api_status_code"": 200}, ""fraud_indicators"": [""device_change""], ""response_timestamp"": ""2025-07-24T23:29:20.845535"", ""request_id"": ""REQ-24a0c4db""}"
d9f42473-597f-4c0c-aa7f-0fedfb9c2664,REQ-d5641dd0,27032417146,60,False,,57,69,True,2025-05-08 15:30:59.845549,565270477434902,115869380686879,Telkom,4G,True,ZAR,91,"[""device_change"", ""multiple_failed_otps"", ""roaming_high_risk""]",2025-07-18 03:25:51.845558,381,200,"{""provider"": ""transunion"", ""msisdn"": ""27032417146"", ""sim_change"": {""score"": 60, ""detected"": false, ""date"": null, ""confidence"": 57}, ""device_change"": {""score"": 69, ""detected"": true, ""date"": ""2025-05-08T15:30:59.845549"", ""previous_device_id"": ""565270477434902"", ""current_device_id"": ""115869380686879""}, ""network"": {""operator"": ""Telkom"", ""type"": ""4G"", ""roaming"": true, ""country"": ""ZAR""}, ""metrics"": {""velocity_score"": 91, ""api_response_time_ms"": 381, ""api_status_code"": 200}, ""fraud_indicators"": [""device_change"", ""multiple_failed_otps"", ""roaming_high_risk""], ""response_timestamp"": ""2025-07-18T03:25:51.845558"", ""request_id"": ""REQ-d5641dd0""}"
0f6bd1ea-7592-4b5a-ad63-afd4844a6b8c,REQ-218450a7,27722332061,87,True,2025-04-26 14:53:46.845573,83,80,True,2025-07-09 00:34:57.845574,451168685487099,861622999119148,Telkom,5G,False,ZAR,73,"[""recent_sim_swap"", ""device_change""]",2025-08-14 15:58:41.845584,644,200,"{""provider"": ""transunion"", ""msisdn"": ""27722332061"", ""sim_change"": {""score"": 87, ""detected"": true, ""date"": ""2025-04-26T14:53:46.845573"", ""confidence"": 83}, ""device_change"": {""score"": 80, ""detected"": true, ""date"": ""2025-07-09T00:34:57.845574"", ""previous_device_id"": ""451168685487099"", ""current_device_id"": ""861622999119148""}, ""network"": {""operator"": ""Telkom"", ""type"": ""5G"", ""roaming"": false, ""country"": ""ZAR""}, ""metrics"": {""velocity_score"": 73, ""api_response_time_ms"": 644, ""api_status_code"": 200}, ""fraud_indicators"": [""recent_sim_swap"", ""device_change""], ""response_timestamp"": ""2025-08-14T15:58:41.845584"", ""request_id"": ""REQ-218450a7""}"
0cf89887-5e8d-47e5-beda-9331e11e6eea,REQ-7382d2dd,27996065307,34,False,,52,38,False,,,713247546913736,Cell C,5G,False,ZAR,65,[],2025-08-13 10:55:12.845603,1117,200,"{""provider"": ""transunion"", ""msisdn"": ""27996065307"", ""sim_change"": {""score"": 34, ""detected"": false, ""date"": null, ""confidence"": 52}, ""device_change"": {""score"": 38, ""detected"": false, ""date"": null, ""previous_device_id"": null, ""current_device_id"": ""713247546913736""}, ""network"": {""operator"": ""Cell C"", ""type"": ""5G"", ""roaming"": false, ""country"": ""ZAR""}, ""metrics"": {""velocity_score"": 65, ""api_response_time_ms"": 1117, ""api_status_code"": 200}, ""fraud_indicators"": [], ""response_timestamp"": ""2025-08-13T10:55:12.845603"", ""request_id"": ""REQ-7382d2dd""}"
776f3596-45a3-4aba-bbd7-a7eb32e82df2,REQ-b3a1f853,27890233030,58,True,2025-05-15 14:59:54.845615,60,35,False,,,786103579727985,MTN,5G,False,ZAR,11,"[""recent_sim_swap""]",2025-08-03 20:26:24.845622,413,200,"{""provider"": ""transunion"", ""msisdn"": ""27890233030"", ""sim_change"": {""score"": 58, ""detected"": true, ""date"": ""2025-05-15T14:59:54.845615"", ""confidence"": 60}, ""device_change"": {""score"": 35, ""detected"": false, ""date"": null, ""previous_device_id"": null, ""current_device_id"": ""786103579727985""}, ""network"": {""operator"": ""MTN"", ""type"": ""5G"", ""roaming"": false, ""country"": ""ZAR""}, ""metrics"": {""velocity_score"": 11, ""api_response_time_ms"": 413, ""api_status_code"": 200}, ""fraud_indicators"": [""recent_sim_swap""], ""response_timestamp"": ""2025-08-03T20:26:24.845622"", ""request_id"": ""REQ-b3a1f853""}"
c5a4e97b-b621-42c4-b89b-583a715fcd8b,REQ-7e737795,27333346800,60,False,,51,1,False,,,944665743748969,MTN,4G,False,ZAR,47,[],2025-07-27 00:04:22.845640,658,200,"{""provider"": ""transunion"", ""msisdn"": ""27333346800"", ""sim_change"": {""score"": 60, ""detected"": false, ""date"": null, ""confidence"": 51}, ""device_change"": {""score"": 1, ""detected"": false, ""date"": null, ""previous_device_id"": null, ""current_device_id"": ""944665743748969""}, ""network"": {""operator"": ""MTN"", ""type"": ""4G"", ""roaming"": false, ""country"": ""ZAR""}, ""metrics"": {""velocity_score"": 47, ""api_response_time_ms"": 658, ""api_status_code"": 200}, ""fraud_indicators"": [], ""response_timestamp"": ""2025-07-27T00:04:22.845640"", ""request_id"": ""REQ-7e737795""}"
d1692df2-cf2d-4da5-9e83-72fefff73e75,REQ-3df2f10b,27171545444,24,False,,13,97,True,2025-06-15 20:10:50.845653,965207446660993,538758428241724,Cell C,4G,False,ZAR,42,"[""device_change""]",2025-08-08 09:18:44.845663,537,200,"{""provider"": ""transunion"", ""msisdn"": ""27171545444"", ""sim_change"": {""score"": 24, ""detected"": false, ""date"": null, ""confidence"": 13}, ""device_change"": {""score"": 97, ""detected"": true, ""date"": ""2025-06-15T20:10:50.845653"", ""previous_device_id"": ""965207446660993"", ""current_device_id"": ""538758428241724""}, ""network"": {""operator"": ""Cell C"", ""type"": ""4G"", ""roaming"": false, ""country"": ""ZAR""}, ""metrics"": {""velocity_score"": 42, ""api_response_time_ms"": 537, ""api_status_code"": 200}, ""fraud_indicators"": [""device_change""], ""response_timestamp"": ""2025-08-08T09:18:44.845663"", ""request_id"": ""REQ-3df2f10b""}"
542447d7-c198-45c3-8f17-87329ed65413,REQ-1216316f,27465549471,60,True,2025-03-06 01:00:01.845676,47,60,True,2025-06-27 04:01:33.845677,168460223569725,217525007432927,Cell C,5G,False,ZAR,54,"[""recent_sim_swap"", ""device_change""]",2025-07-16 04:51:58.845686,865,200,"{""provider"": ""transunion"", ""msisdn"": ""27465549471"", ""sim_change"": {""score"": 60, ""detected"": true, ""date"": ""2025-03-06T01:00:01.845676"", ""confidence"": 47}, ""device_change"": {""score"": 60, ""detected"": true, ""date"": ""2025-06-27T04:01:33.845677"", ""previous_device_id"": ""168460223569725"", ""current_device_id"": ""217525007432927""}, ""network"": {""operator"": ""Cell C"", ""type"": ""5G"", ""roaming"": false, ""country"": ""ZAR""}, ""metrics"": {""velocity_score"": 54, ""api_response_time_ms"": 865, ""api_status_code"": 200}, ""fraud_indicators"": [""recent_sim_swap"", ""device_change""], ""response_timestamp"": ""2025-07-16T04:51:58.845686"", ""request_id"": ""REQ-1216316f""}"
e87178d6-6f2f-40ee-8e0a-6feae9ece5f6,REQ-60b30325,27835058300,80,True,2025-06-13 14:00:34.845700,73,88,True,2025-05-19 10:53:05.845701,216894210447898,562575326033230,Vodacom,4G,False,ZAR,4,"[""recent_sim_swap"", ""device_change""]",2025-07-26 12:56:05.845710,1175,200,"{""provider"": ""transunion"", ""msisdn"": ""27835058300"", ""sim_change"": {""score"": 80, ""detected"": true, ""date"": ""2025-06-13T14:00:34.845700"", ""confidence"": 73}, ""device_change"": {""score"": 88, ""detected"": true, ""date"": ""2025-05-19T10:53:05.845701"", ""previous_device_id"": ""216894210447898"", ""current_device_id"": ""562575326033230""}, ""network"": {""operator"": ""Vodacom"", ""type"": ""4G"", ""roaming"": false, ""country"": ""ZAR""}, ""metrics"": {""velocity_score"": 4, ""api_response_time_ms"": 1175, ""api_status_code"": 200}, ""fraud_indicators"": [""recent_sim_swap"", ""device_change""], ""response_timestamp"": ""2025-07-26T12:56:05.845710"", ""request_id"": ""REQ-60b30325""}"
86c9a987-3885-4fd2-acd0-188e6ca1c074,REQ-45096407,27901001676,15,False,,9,88,True,2025-02-20 23:17:55.845724,046184992618914,117393483564208,Vodacom,4G,False,ZAR,0,"[""device_change"", ""recent_sim_swap""]",2025-07-17 18:13:37.845733,1091,200,"{""provider"": ""transunion"", ""msisdn"": ""27901001676"", ""sim_change"": {""score"": 15, ""detected"": false, ""date"": null, ""confidence"": 9}, ""device_change"": {""score"": 88, ""detected"": true, ""date"": ""2025-02-20T23:17:55.845724"", ""previous_device_id"": ""046184992618914"", ""current_device_id"": ""117393483564208""}, ""network"": {""operator"": ""Vodacom"", ""type"": ""4G"", ""roaming"": false, ""country"": ""ZAR""}, ""metrics"": {""velocity_score"": 0, ""api_response_time_ms"": 1091, ""api_status_code"": 200}, ""fraud_indicators"": [""device_change"", ""recent_sim_swap""], ""response_timestamp"": ""2025-07-17T18:13:37.845733"", ""request_id"": ""REQ-45096407""}"
6cb2cbdf-1120-4982-86f2-f82f0861736d,REQ-687f4350,27181143744,59,True,2025-07-02 20:48:41.845746,59,37,False,,,561100225579415,Cell C,4G,False,ZAR,34,"[""recent_sim_swap""]",2025-07-24 04:50:07.845753,943,200,"{""provider"": ""transunion"", ""msisdn"": ""27181143744"", ""sim_change"": {""score"": 59, ""detected"": true, ""date"": ""2025-07-02T20:48:41.845746"", ""confidence"": 59}, ""device_change"": {""score"": 37, ""detected"": false, ""date"": null, ""previous_device_id"": null, ""current_device_id"": ""561100225579415""}, ""network"": {""operator"": ""Cell C"", ""type"": ""4G"", ""roaming"": false, ""country"": ""ZAR""}, ""metrics"": {""velocity_score"": 34, ""api_response_time_ms"": 943, ""api_status_code"": 200}, ""fraud_indicators"": [""recent_sim_swap""], ""response_timestamp"": ""2025-07-24T04:50:07.845753"", ""request_id"": ""REQ-687f4350""}"
49d33213-ba3f-4de5-9299-01b1c6160af3,REQ-b5c5b99e,27212021697,72,True,2025-02-23 06:17:41.845766,76,45,False,,,277167014508993,Telkom,4G,False,ZAR,89,"[""recent_sim_swap"", ""multiple_failed_otps""]",2025-08-02 13:11:50.845773,1066,200,"{""provider"": ""transunion"", ""msisdn"": ""27212021697"", ""sim_change"": {""score"": 72, ""detected"": true, ""date"": ""2025-02-23T06:17:41.845766"", ""confidence"": 76}, ""device_change"": {""score"": 45, ""detected"": false, ""date"": null, ""previous_device_id"": null, ""current_device_id"": ""277167014508993""}, ""network"": {""operator"": ""Telkom"", ""type"": ""4G"", ""roaming"": false, ""country"": ""ZAR""}, ""metrics"": {""velocity_score"": 89, ""api_response_time_ms"": 1066, ""api_status_code"": 200}, ""fraud_indicators"": [""recent_sim_swap"", ""multiple_failed_otps""], ""response_timestamp"": ""2025-08-02T13:11:50.845773"", ""request_id"": ""REQ-b5c5b99e""}"
22c4ffa4-d4e0-4c9a-a5ae-fcffdc850531,REQ-7df9d69b,27628900287,63,True,2025-07-04 19:31:19.845786,71,96,True,2025-04-12 10:34:25.845787,354083866317797,177517016608801,Cell C,5G,False,ZAR,71,"[""recent_sim_swap"", ""device_change""]",2025-07-25 05:38:15.845796,778,200,"{""provider"": ""transunion"", ""msisdn"": ""27628900287"", ""sim_change"": {""score"": 63, ""detected"": true, ""date"": ""2025-07-04T19:31:19.845786"", ""confidence"": 71}, ""device_change"": {""score"": 96, ""detected"": true, ""date"": ""2025-04-12T10:34:25.845787"", ""previous_device_id"": ""354083866317797"", ""current_device_id"": ""177517016608801""}, ""network"": {""operator"": ""Cell C"", ""type"": ""5G"", ""roaming"": false, ""country"": ""ZAR""}, ""metrics"": {""velocity_score"": 71, ""api_response_time_ms"": 778, ""api_status_code"": 200}, ""fraud_indicators"": [""recent_sim_swap"", ""device_change""], ""response_timestamp"": ""2025-07-25T05:38:15.845796"", ""request_id"": ""REQ-7df9d69b""}"
05a86b8e-bbfc-48f4-bf0b-67c8808754bf,REQ-374c594e,27037589975,91,True,2025-04-22 18:05:46.845810,100,0,False,,,488510272614933,MTN,5G,False,ZAR,24,"[""recent_sim_swap""]",2025-08-12 07:09:26.845817,175,200,"{""provider"": ""transunion"", ""msisdn"": ""27037589975"", ""sim_change"": {""score"": 91, ""detected"": true, ""date"": ""2025-04-22T18:05:46.845810"", ""confidence"": 100}, ""device_change"": {""score"": 0, ""detected"": false, ""date"": null, ""previous_device_id"": null, ""current_device_id"": ""488510272614933""}, ""network"": {""operator"": ""MTN"", ""type"": ""5G"", ""roaming"": false, ""country"": ""ZAR""}, ""metrics"": {""velocity_score"": 24, ""api_response_time_ms"": 175, ""api_status_code"": 200}, ""fraud_indicators"": [""recent_sim_swap""], ""response_timestamp"": ""2025-08-12T07:09:26.845817"", ""request_id"": ""REQ-374c594e""}"
ed4205c3-2647-4b3f-b790-2d8bdaa0093d,REQ-a29eb5ab,27917798270,67,True,2025-08-03 02:06:19.845829,75,55,False,,,782922169958669,Telkom,5G,False,ZAR,37,"[""recent_sim_swap""]",2025-08-11 17:13:00.845835,925,200,"{""provider"": ""transunion"", ""msisdn"": ""27917798270"", ""sim_change"": {""score"": 67, ""detected"": true, ""date"": ""2025-08-03T02:06:19.845829"", ""confidence"": 75}, ""device_change"": {""score"": 55, ""detected"": false, ""date"": null, ""previous_device_id"": null, ""current_device_id"": ""782922169958669""}, ""network"": {""operator"": ""Telkom"", ""type"": ""5G"", ""roaming"": false, ""country"": ""ZAR""}, ""metrics"": {""velocity_score"": 37, ""api_response_time_ms"": 925, ""api_status_code"": 200}, ""fraud_indicators"": [""recent_sim_swap""], ""response_timestamp"": ""2025-08-11T17:13:00.845835"", ""request_id"": ""REQ-a29eb5ab""}"
772aea4e-bc24-40e3-8ced-2f4720addcb3,REQ-230beab1,27848583339,91,True,2025-06-02 09:40:33.845846,95,90,True,2025-03-02 15:46:25.845847,885158799684608,106200342442043,Cell C,3G,False,ZAR,86,"[""recent_sim_swap"", ""device_change"", ""multiple_failed_otps""]",2025-07-19 14:04:51.845856,876,200,"{""provider"": ""transunion"", ""msisdn"": ""27848583339"", ""sim_change"": {""score"": 91, ""detected"": true, ""date"": ""2025-06-02T09:40:33.845846"", ""confidence"": 95}, ""device_change"": {""score"": 90, ""detected"": true, ""date"": ""2025-03-02T15:46:25.845847"", ""previous_device_id"": ""885158799684608"", ""current_device_id"": ""106200342442043""}, ""network"": {""operator"": ""Cell C"", ""type"": ""3G"", ""roaming"": false, ""country"": ""ZAR""}, ""metrics"": {""velocity_score"": 86, ""api_response_time_ms"": 876, ""api_status_code"": 200}, ""fraud_indicators"": [""recent_sim_swap"", ""device_change"", ""multiple_failed_otps""], ""response_timestamp"": ""2025-07-19T14:04:51.845856"", ""request_id"": ""REQ-230beab1""}"
1173bda2-a41c-48f5-ba43-ac16660d591f,REQ-7a28cf29,27406665800,95,True,2025-06-12 14:51:12.845867,92,79,True,2025-04-24 14:02:08.845869,598933472122816,064842294057202,Telkom,4G,False,ZAR,84,"[""recent_sim_swap"", ""device_change"", ""multiple_failed_otps""]",2025-07-21 01:23:50.845877,813,200,"{""provider"": ""transunion"", ""msisdn"": ""27406665800"", ""sim_change"": {""score"": 95, ""detected"": true, ""date"": ""2025-06-12T14:51:12.845867"", ""confidence"": 92}, ""device_change"": {""score"": 79, ""detected"": true, ""date"": ""2025-04-24T14:02:08.845869"", ""previous_device_id"": ""598933472122816"", ""current_device_id"": ""064842294057202""}, ""network"": {""operator"": ""Telkom"", ""type"": ""4G"", ""roaming"": false, ""country"": ""ZAR""}, ""metrics"": {""velocity_score"": 84, ""api_response_time_ms"": 813, ""api_status_code"": 200}, ""fraud_indicators"": [""recent_sim_swap"", ""device_change"", ""multiple_failed_otps""], ""response_timestamp"": ""2025-07-21T01:23:50.845877"", ""request_id"": ""REQ-7a28cf29""}"
aadf5548-2d9d-4021-b202-394b1505a260,REQ-2e906901,27583281826,69,True,2025-03-31 07:33:35.845888,74,27,False,,,554398780157399,MTN,3G,False,ZAR,14,"[""recent_sim_swap""]",2025-07-29 11:57:01.845894,130,200,"{""provider"": ""transunion"", ""msisdn"": ""27583281826"", ""sim_change"": {""score"": 69, ""detected"": true, ""date"": ""2025-03-31T07:33:35.845888"", ""confidence"": 74}, ""device_change"": {""score"": 27, ""detected"": false, ""date"": null, ""previous_device_id"": null, ""current_device_id"": ""554398780157399""}, ""network"": {""operator"": ""MTN"", ""type"": ""3G"", ""roaming"": false, ""country"": ""ZAR""}, ""metrics"": {""velocity_score"": 14, ""api_response_time_ms"": 130, ""api_status_code"": 200}, ""fraud_indicators"": [""recent_sim_swap""], ""response_timestamp"": ""2025-07-29T11:57:01.845894"", ""request_id"": ""REQ-2e906901""}"
f4947bd0-9910-449d-91d3-43574a811120,REQ-201e239b,27588770435,65,True,2025-07-25 18:45:14.845905,68,21,False,,,880133613861207,Cell C,3G,True,ZAR,32,"[""recent_sim_swap""]",2025-07-28 13:57:34.845911,609,200,"{""provider"": ""transunion"", ""msisdn"": ""27588770435"", ""sim_change"": {""score"": 65, ""detected"": true, ""date"": ""2025-07-25T18:45:14.845905"", ""confidence"": 68}, ""device_change"": {""score"": 21, ""detected"": false, ""date"": null, ""previous_device_id"": null, ""current_device_id"": ""880133613861207""}, ""network"": {""operator"": ""Cell C"", ""type"": ""3G"", ""roaming"": true, ""country"": ""ZAR""}, ""metrics"": {""velocity_score"": 32, ""api_response_time_ms"": 609, ""api_status_code"": 200}, ""fraud_indicators"": [""recent_sim_swap""], ""response_timestamp"": ""2025-07-28T13:57:34.845911"", ""request_id"": ""REQ-201e239b""}"
757b1036-3af7-433e-b8e9-7ef9f40b05ae,REQ-2e084738,27766506180,82,True,2025-03-10 19:56:43.845921,82,89,True,2025-07-28 09:13:27.845923,814491476607283,268424508821009,Vodacom,4G,False,ZAR,95,"[""recent_sim_swap"", ""device_change"", ""multiple_failed_otps""]",2025-07-23 09:43:42.845931,513,200,"{""provider"": ""transunion"", ""msisdn"": ""27766506180"", ""sim_change"": {""score"": 82, ""detected"": true, ""date"": ""2025-03-10T19:56:43.845921"", ""confidence"": 82}, ""device_change"": {""score"": 89, ""detected"": true, ""date"": ""2025-07-28T09:13:27.845923"", ""previous_device_id"": ""814491476607283"", ""current_device_id"": ""268424508821009""}, ""network"": {""operator"": ""Vodacom"", ""type"": ""4G"", ""roaming"": false, ""country"": ""ZAR""}, ""metrics"": {""velocity_score"": 95, ""api_response_time_ms"": 513, ""api_status_code"": 200}, ""fraud_indicators"": [""recent_sim_swap"", ""device_change"", ""multiple_failed_otps""], ""response_timestamp"": ""2025-07-23T09:43:42.845931"", ""request_id"": ""REQ-2e084738""}"
c29b5fb3-b048-418f-9042-e8534dbbb729,REQ-a5116a0f,27822239431,23,False,,9,72,True,2025-08-02 02:15:52.845942,781414139755231,491357759492995,Cell C,5G,False,ZAR,100,"[""device_change"", ""multiple_failed_otps""]",2025-07-22 22:54:56.845950,973,200,"{""provider"": ""transunion"", ""msisdn"": ""27822239431"", ""sim_change"": {""score"": 23, ""detected"": false, ""date"": null, ""confidence"": 9}, ""device_change"": {""score"": 72, ""detected"": true, ""date"": ""2025-08-02T02:15:52.845942"", ""previous_device_id"": ""781414139755231"", ""current_device_id"": ""491357759492995""}, ""network"": {""operator"": ""Cell C"", ""type"": ""5G"", ""roaming"": false, ""country"": ""ZAR""}, ""metrics"": {""velocity_score"": 100, ""api_response_time_ms"": 973, ""api_status_code"": 200}, ""fraud_indicators"": [""device_change"", ""multiple_failed_otps""], ""response_timestamp"": ""2025-07-22T22:54:56.845950"", ""request_id"": ""REQ-a5116a0f""}"
3137c78b-d7a2-463e-8280-e6112a8820db,REQ-1a861cf4,27525777547,70,True,2025-07-19 15:50:53.845961,67,35,False,,,283411080996930,Vodacom,4G,False,ZAR,99,"[""recent_sim_swap"", ""multiple_failed_otps"", ""number_ported""]",2025-08-08 00:46:51.845967,675,200,"{""provider"": ""transunion"", ""msisdn"": ""27525777547"", ""sim_change"": {""score"": 70, ""detected"": true, ""date"": ""2025-07-19T15:50:53.845961"", ""confidence"": 67}, ""device_change"": {""score"": 35, ""detected"": false, ""date"": null, ""previous_device_id"": null, ""current_device_id"": ""283411080996930""}, ""network"": {""operator"": ""Vodacom"", ""type"": ""4G"", ""roaming"": false, ""country"": ""ZAR""}, ""metrics"": {""velocity_score"": 99, ""api_response_time_ms"": 675, ""api_status_code"": 200}, ""fraud_indicators"": [""recent_sim_swap"", ""multiple_failed_otps"", ""number_ported""], ""response_timestamp"": ""2025-08-08T00:46:51.845967"", ""request_id"": ""REQ-1a861cf4""}"
b7fe6334-9a1d-4049-a496-8e3ac6b4212f,REQ-83532d41,27881658039,87,True,2025-07-04 03:31:43.845978,83,17,False,,,299275037314530,Vodacom,4G,False,ZAR,58,"[""recent_sim_swap""]",2025-08-13 22:38:08.845983,743,200,"{""provider"": ""transunion"", ""msisdn"": ""27881658039"", ""sim_change"": {""score"": 87, ""detected"": true, ""date"": ""2025-07-04T03:31:43.845978"", ""confidence"": 83}, ""device_change"": {""score"": 17, ""detected"": false, ""date"": null, ""previous_device_id"": null, ""current_device_id"": ""299275037314530""}, ""network"": {""operator"": ""Vodacom"", ""type"": ""4G"", ""roaming"": false, ""country"": ""ZAR""}, ""metrics"": {""velocity_score"": 58, ""api_response_time_ms"": 743, ""api_status_code"": 200}, ""fraud_indicators"": [""recent_sim_swap""], ""response_timestamp"": ""2025-08-13T22:38:08.845983"", ""request_id"": ""REQ-83532d41""}"
